Rainfall_mm,Slope_Angle,Soil_Saturation,Vegetation_Cover,Earthquake_Activity,Proximity_to_Water,Soil_Type_Gravel,Soil_Type_Sand,Soil_Type_Silt,Landslide
137.34364040810323,20.70234102415436,61.47962904552335,63.343125867003984,1.910884507720679,3.7677261437436496,0,0,1,0
333.2428641793715,19.81872794431999,82.48890963699877,20.51477258946496,1.7436849973530255,3.362475357502462,1,0,0,1
258.87794021587774,59.3752748312622,78.41448368111432,83.51551070193334,0.1509810771236041,1.802731429403457,1,0,0,1
213.54388462699245,19.972771990970365,23.85099142243963,60.18046151623174,3.837618054242711,6.092303367509804,0,0,1,0
63.046337750428414,21.31698356771786,23.43245227673265,19.148349520125883,1.260635023668872,4.7924103970608565,0,1,0,0
63.0381369143089,50.56389574507782,34.1356930970422,91.6104251733086,0.6781878573006284,8.663724873623837,0,0,0,0
29.74842813718781,31.9843905470324,42.49672537069335,51.652891700178856,2.119195204191169,0.3694903257964795,0,1,0,0
304.49988956347795,51.60263341731087,46.76100232676343,11.56086066844895,0.4463268358714282,6.456485879173506,0,0,1,1
214.379103992691,8.921969453863115,71.17274951500107,61.41496139735605,1.7738544283330282,7.641341341190032,0,1,0,0
250.74467645065548,34.25427162040306,15.101238894925189,27.78790163115292,0.0607818214703718,7.606891363423654,0,0,0,1
16.99872806057283,7.016816010996958,13.120543380345977,77.33241066895722,2.743332789153242,8.866435972600474,0,0,0,0
339.7693497350781,8.759192207321272,45.27195066495181,78.60398662095716,0.8917751791277235,7.303885741153465,0,1,0,1
293.03049787214337,59.386247200664656,72.74473229241823,93.10526202691956,1.5187602545830838,9.281710113394578,0,0,1,1
82.1952976306139,13.35472226705571,27.40918086608343,50.16825779220533,0.3750743524576666,3.3599331682178697,0,0,1,0
71.82048885041421,36.94524093651303,67.73540331306265,45.94611917549634,1.6954967915531771,5.056933696677853,1,0,0,0
72.3575333501675,29.665736156042392,33.38453241462695,72.81280449018325,2.2191960710196104,0.1900926496647622,0,1,0,0
113.44236260624282,25.84059957553056,89.74774979321647,16.92235907077339,0.9614390122157834,0.1192279936677475,1,0,0,1
188.41718675496085,58.99000074123635,90.61209498399548,54.222396241381176,1.4424301009323004,2.4392598734926225,0,0,1,1
156.86130633831937,6.30940380652937,36.75584838531938,54.162284011776585,0.914108004519939,1.0530316115338982,1,0,0,0
109.01790766733426,44.82738117053535,30.699437856691645,13.05258105293485,3.3677677960710133,2.639103110960748,1,0,0,1
218.02998420560905,62.80366605281303,47.017357485960815,42.61856769562222,1.0333418949821676,1.811580780557554,0,1,0,1
57.42791262169423,38.61009100771052,31.647842666213386,81.79563187104817,2.765925413872499,0.3337742471445499,0,1,0,0
109.32918050197418,61.20934772198551,70.51454589625334,82.05382597951943,2.4243317370977366,9.097576256740192,0,0,1,1
134.56302671985517,8.135472757161427,84.34582160934569,13.93138984277129,0.7927331066192117,0.1318201573194706,0,0,0,1
165.0637946337922,30.12759914444968,70.57829178200953,13.164879447304775,0.3922117497602735,7.374017336153999,0,1,0,1
276.95982687362465,20.60946745772307,84.19154025244146,28.64259293017417,0.7815213592235347,1.563871474849189,1,0,0,1
77.88908593384231,48.84925789884379,45.72929459867267,83.72894562985941,2.624925070260695,9.12668473889602,0,0,1,0
184.839709060628,63.8778254298348,24.06852736379748,16.601232656614904,0.387442278500027,8.933319598919363,0,1,0,1
211.42095341309445,20.39180374665487,76.41558526578329,69.79971223647016,1.1148818072237112,6.55631640637411,0,1,0,1
25.793140324799225,44.25047608844447,42.44270546273985,14.10490576517929,2.460593917710031,6.738729790516021,0,1,0,0
216.56524964648904,16.885857965584407,70.41437427062192,61.08240683730428,0.6542208601826391,0.103124462598401,0,1,0,1
67.97820205367913,38.9198152742966,34.35795477835891,37.04605692072303,1.5417120634787234,9.84947208283034,0,1,0,0
32.117541614995034,32.83594920130017,17.31066713260054,76.00225666692803,0.4228116025976685,8.784434405579352,0,0,1,0
332.6210826661333,63.32031977789222,99.33236159389872,26.032140394282724,0.1735867978035451,8.956306946014415,0,1,0,1
338.31489124535017,41.51163636178799,24.05813571375393,62.52816464509639,2.3726190332135566,6.609483143656175,0,0,1,1
284.8550983595968,25.97038232520913,98.95788945671327,26.211428111829644,0.156322796691708,3.480629940112638,0,1,0,1
113.56868151894604,11.845747093276003,97.95519393098026,69.22942548009384,0.4749072893546899,8.941804058450284,1,0,0,0
43.20851876217051,14.074809724096074,81.44362935172357,83.6310231104674,2.897664683859876,2.9505934351043632,0,0,1,0
242.6392290141333,18.519015797074104,69.34806658737978,16.412161921408405,0.638048624156885,5.648979856254918,0,1,0,1
159.65184787146444,20.05799968041788,62.00263452259762,82.99361197359532,5.420399155113702,1.0423231748216295,1,0,0,1
51.4929998472248,56.036963470468265,87.94913908400513,58.421772897286814,5.848240789624298,9.223458519820865,0,1,0,1
178.36014943783186,38.6733672969515,36.04955694575391,16.439944178032157,0.4685278698819385,1.4506660548235726,0,1,0,1
21.69209717917425,36.403454682461984,52.091309123638936,43.47876698237408,0.062762243317746,2.287723217017552,0,0,1,0
319.1689367067859,11.886132312153048,65.74509724298517,19.47742641365881,1.8314917025785624,5.603434873375739,0,1,0,1
97.98519374400576,56.6083816009661,47.0071428282542,68.03130999799126,0.8994483786522416,7.652725352119166,0,0,1,0
235.25757668035388,48.36885819250902,48.47378086812412,73.29813209761546,0.1592960385029724,6.212545494066174,1,0,0,1
115.98176587039973,9.060101714000094,39.72562007518759,14.521686824551908,1.8440529434303872,2.3597324323615534,0,1,0,0
186.82312720045567,47.47010583378612,60.780863501608245,50.55258674251799,0.0475067822156703,0.0593832731485288,0,0,0,1
195.8814949767151,37.61229304055876,86.55170752136044,78.31625504233254,3.062602467088629,7.583648274059019,0,0,1,1
72.85051487867919,9.903520744806697,28.13755402056816,89.25467373958969,0.2238859339714643,9.852812892815384,1,0,0,0
339.6587734399499,32.498038491719385,94.09897348780972,51.2166080067593,0.204265554592235,8.1086355470456,1,0,0,1
273.5451599427789,34.08177722780282,72.01788883734068,90.52513012502664,0.2897806972394192,4.629055850658323,0,1,0,1
329.42964013182427,14.946472409796543,84.09458914120272,53.212007341042685,4.838335585465387,9.04248425092111,0,0,1,1
314.2412991454006,61.74188882001694,60.05716233670105,40.47714451399172,1.7721890185216314,4.127984347527582,0,0,1,1
213.2859927957689,55.99852228883972,80.15650312816571,81.3382815697606,2.4244788175165324,5.273094138222501,0,0,1,1
323.43723990785975,45.1413402397465,11.458035760552049,49.368443941228016,0.7603375221429116,4.797441185587048,0,1,0,1
40.08745069765263,32.73773366003643,83.65423823015817,47.471225950807074,0.6149163234111066,4.503857533021972,0,0,1,1
76.63417322250936,29.70593249507051,13.612497317682989,49.128124046884544,0.4008077573881332,7.7631481544743615,0,1,0,0
25.37727822958294,44.05840802905725,90.09220387265762,81.21065016827708,0.9827601792945776,5.291350627331445,1,0,0,0
120.61231245950988,37.725912164414325,99.2766472514779,79.8747387519247,1.2038697426051714,3.2013353641508995,0,1,0,1
142.15027849442387,8.736386352913136,36.46607159591,41.31679931961901,1.4985910350143723,2.618673768201859,0,0,0,0
102.25867080312462,35.7501589262199,28.92867006572143,34.99698738834725,0.4458281113899068,0.4255858038259622,0,0,1,0
291.77075311165595,53.38421703397037,78.88270274722366,49.27352216352163,4.453754727109756,5.852791860736307,0,1,0,1
131.29613107582037,32.55439265581748,32.77237068282279,56.54952587633981,0.2790579817475942,2.33811608324029,0,1,0,1
105.51773329370944,8.117394653256104,87.90061448549831,26.45034895651973,5.056868532965592,1.5239325240630115,0,0,0,1
194.51666827380447,52.17669196304199,19.255833294172906,76.45595762440315,0.0224513699350725,6.5556081400853925,0,1,0,0
57.9142364914193,17.081826928158463,21.335967674142243,48.78344891591806,0.9841404088670708,6.82803211532441,0,1,0,0
282.7469734563735,20.51725009328233,98.1236399590554,35.064099357796366,0.608275299933686,7.533941177963776,0,0,0,1
35.34721885112208,14.882381205937754,70.64550084430041,14.613889366759157,0.8943667149622024,5.060590118568984,0,0,1,0
345.5415584441759,24.812903892289853,86.21985019860576,26.496064436324623,1.2682751975630768,8.945843321778671,0,1,0,1
272.5632215608635,50.4050903413181,39.18964396163662,90.43530545803851,0.8579592741453048,9.366610396312367,0,1,0,1
77.56333172161862,36.16315157023624,70.8835374568544,32.458971813757394,0.8038225074842933,8.08334085093527,0,1,0,1
11.877519822024816,17.29287644904275,63.48176445777375,20.19733604303318,1.9792068891372567,6.374155145981463,1,0,0,0
287.2568856746436,57.66980468912245,64.28351081106523,46.460551248949386,1.736952513443441,3.0720234882323267,0,0,0,1
250.33149690818985,57.77491129709175,71.42792135839494,32.63789690242238,2.6870808460987323,9.830301970121202,0,1,0,1
257.8624371339357,57.23470550276041,61.78232558161887,8.164332524407474,0.4314410733999657,2.777654863559786,0,0,1,1
272.2319178732216,19.32777268289236,48.615613237239934,34.08306955514755,1.4106004810510555,2.066436373804789,1,0,0,1
35.17518158959072,32.07436065085929,34.83304249424921,53.96977615455217,1.3199193469932968,4.449433432176498,0,1,0,0
131.8783477050527,64.0993793684525,79.17231978218818,54.65411348179703,0.6924290594319875,0.6155636785882652,1,0,0,1
49.3954802385441,51.32074857859942,30.36451870028676,37.090302905919984,0.99846595353114,9.786019923484318,0,0,1,0
303.4551647977018,6.6300452735335895,72.31188755389728,45.25724806273406,0.5648401894748264,5.904913886343426,0,1,0,1
221.9213631213697,8.912275475629523,30.9999540384394,91.89661264112898,0.2294547617673038,5.591673312058544,0,1,0,0
122.50532844990072,32.835882608739965,66.27971529590084,38.961362950728045,0.3608184088306619,6.5751729850022125,1,0,0,0
31.609839097248035,59.55321235169361,77.2370440416126,28.240413193398467,0.1672584480723414,4.995385295383206,1,0,0,1
115.73398938332517,37.32210787716285,29.684250001588527,26.91203396600841,1.723609513933749,0.3690319950906887,1,0,0,1
120.562329489094,34.868750482057415,15.394897077517744,46.19881514337207,1.621427016954999,6.142497323961948,1,0,0,0
258.0661006349418,11.328421997397836,21.78763686947567,73.35681338452497,4.511900763684697,7.175930075716484,0,1,0,1
226.7695402607725,44.40680628345764,64.5397270543923,23.538936576962588,1.962214452251857,4.196653153209328,0,1,0,1
311.652332475951,54.32618963601353,86.4501765603162,68.83665144266912,0.0801736965216706,7.585090942108369,0,1,0,1
170.55307455506275,27.82520045045374,14.049713911188192,6.903484101447466,3.234421339449958,2.308662928417285,0,1,0,1
50.662043619022576,51.536711055519646,76.07361331374817,42.703968018555145,2.978109129486241,2.251702081108531,1,0,0,1
252.5032276558183,62.868599234048695,40.71867813550469,74.82785586825082,0.8786479299828442,1.6560990274913607,1,0,0,1
268.66691652974515,17.225987547661347,53.06755329275703,35.48596601969883,1.322337846047134,3.75134785990216,1,0,0,1
200.8342471736287,36.39977787168448,93.59735948610091,55.73633913008595,5.599455959463276,8.47776975212138,0,0,1,1
272.1288411845507,22.22827748507453,39.87743542622609,23.44813095433197,1.1399063171051584,8.28772501838319,0,1,0,1
177.89050276389284,52.57126514203036,51.88032405455375,71.7795852013555,3.5359077084523127,3.8591008692368622,1,0,0,1
187.729161989878,39.65560195286945,11.2314173284613,9.705119294188366,0.1300351102454482,5.911731423003353,1,0,0,1
155.3639462419069,43.07494505301823,17.343884800435454,81.72883803879503,0.3180307178635729,7.22212234892541,0,0,1,0
18.642503092992364,52.87484957695364,33.27324320213056,22.83767477795013,0.8717512770948694,2.4500074075488283,0,0,1,0
46.68308517772351,28.75822835974729,12.506701673896696,83.69582285374976,1.318336389567365,1.7230038046527334,0,0,1,0
20.685923133489645,59.905404104422594,66.8237793443426,36.72763171704656,2.5410879211092614,9.722355132462496,0,1,0,0
226.3795398296853,36.9817320347684,48.37585211214603,70.04152170270379,6.667400469498621,6.194695266435703,1,0,0,1
116.88103356595109,14.47728937012088,59.33306824552199,33.73027680075696,0.7386229490728031,9.815086432244955,0,0,0,0
182.9140349959989,46.75394709012815,25.71824673066966,86.53205041111828,0.072864907382881,3.410672071965679,0,0,1,0
318.5726011348716,52.59568102629527,36.63388264929545,16.397341296653693,2.4229689771712324,7.045165414742608,0,1,0,1
94.75935791061748,24.0057006240516,69.74420273674525,21.06678103453388,1.3909544130085607,2.264906183585315,0,0,1,0
149.53019383211412,56.43075541992518,96.877245126736,49.37271126429221,0.3319856725275755,2.6489417041754333,0,0,1,1
266.88738710463656,59.36859528594599,14.537509624198828,12.374459513433152,1.0242858262946115,5.143426106632759,1,0,0,1
87.79137626715163,21.61426924266853,90.13458887697396,22.638216623158574,2.033998379572448,3.230200348805308,0,1,0,1
36.17316934178962,64.01128836291332,61.919308118008765,89.93897439908129,2.207201929892281,1.7178345602138154,1,0,0,0
108.51549399068112,13.442691682925505,60.75276100800613,92.88406950330985,1.038576443442288,2.6656629847937934,1,0,0,0
64.8152376663615,17.120940104149398,55.02506816869843,38.86333963973797,0.5462282362681892,0.4056965249353531,0,0,1,1
326.09720179647485,16.053490354281568,16.245467731376504,88.0957418912542,5.45971011128323,7.059015033700991,1,0,0,1
284.76092905190177,58.639382600472224,18.08891665625446,54.03422081060886,1.633123387250356,4.946560738004322,0,0,1,1
225.357277213544,44.25755313949771,64.08208050931775,29.27682192863904,0.7869749095776605,0.98771851072503,0,0,0,1
306.296600663824,14.126256993336373,40.68627142920025,68.21588489725389,0.4937214614584042,1.7583552316284874,1,0,0,1
283.2485061456989,31.41940510210094,92.55412599199126,64.30116259173715,1.9701402136880208,1.070218654220808,0,1,0,1
73.43382002125219,41.91788150418813,46.5931483623525,94.021278719786,0.4159709029293597,6.14529844234497,0,0,1,0
313.47005948659245,10.007845099362996,22.89533128323769,28.85425586683549,0.2825878965886458,0.9873931179443132,0,0,1,1
193.37636225132124,57.94498210444032,74.32469501518324,65.48535523955618,1.1320038284679432,7.555109213700399,0,0,1,1
284.5296527557813,53.21621212649211,36.40180792969089,9.68213795265022,0.5137088283977849,0.2540836472378922,0,1,0,1
314.6710419739877,35.31240641459829,57.29232766203039,15.228143482704748,1.4869463624901114,2.531289090559126,0,1,0,1
118.12118149043371,63.02759691555023,72.8049506954653,5.352653745598394,0.188240543657051,8.912133425124477,0,1,0,1
47.4176543394101,30.065658756505982,91.02377000818632,94.95146129537058,1.596060247681863,7.199386615316347,0,0,0,0
87.49795526426017,64.04661914218987,81.29720753215085,77.204632743273,0.4996396373474264,0.7760349126105928,0,1,0,1
155.21664813292713,45.07519992821762,70.87249610854516,75.80507132601868,0.0003644459217936,8.220204739627539,0,0,0,0
288.12502041364763,43.08027639523649,71.16698641556292,50.87534677593617,0.2036197221979421,4.955699459325037,1,0,0,1
302.64839830715675,14.9572937177471,95.13321796288778,32.0060374614896,4.068434764835666,8.47549112032985,0,0,0,1
12.36372438060484,57.91566549827864,36.62416877468824,18.613785601640835,3.030114257414552,6.027360755781413,0,0,1,1
183.6540828763724,30.64938127523691,10.100088477656866,30.620726496181728,0.3990942561163451,6.834238668726943,0,1,0,1
151.91974107058485,14.734004346948762,34.47591034583788,38.83740997362252,2.260131821405223,9.935340525937296,0,1,0,0
85.51665556004828,5.756451198545543,29.61022416640696,73.06790872822647,1.406928973759313,2.3617386819439803,1,0,0,0
50.75422489345216,38.58534101830296,69.56511266025984,53.56956100128372,5.305768535109893,6.258258468875813,1,0,0,0
124.78915827723353,36.64397732736058,67.03404397889761,11.973526389993442,0.7016627540436274,4.630197831071113,1,0,0,1
330.5892993302565,48.16121734214951,63.41152444342514,6.622610806302101,1.71601371907454,0.4425469315807797,1,0,0,1
119.88899688705678,58.415483181068126,11.461909888850832,14.209896158065684,0.0984658536479168,0.193982882953507,0,1,0,1
186.3888113927445,9.76439507858177,75.59002490055828,41.94488423276414,0.7568860192770336,1.2363243492876936,0,0,1,1
249.02644602436047,48.88978942042174,39.11773712369424,88.98736253441164,4.9787762359923,6.508462818358553,0,1,0,1
133.63406480895995,16.244716645854933,69.8550390105968,62.36622330882994,1.1614736246295605,5.693272724738252,1,0,0,0
340.40590812512664,56.49062318942984,60.0920585651938,77.16433098879637,0.5092622174997673,5.556624133579088,0,0,1,1
337.2320802803178,54.14381083169937,40.84578328851165,46.97371350540937,0.1922119973562918,0.3669747871561878,0,1,0,1
95.6059805806238,37.44762529913266,22.1118640393697,37.54994748755385,1.8237054712686165,4.719564813782069,0,0,0,0
179.06449200341106,47.61456791739869,18.49770078944329,14.756033544496043,1.5528480903580748,9.24999703753316,0,0,1,1
112.29862533770168,23.861006791024906,84.83664998010012,83.83397199675845,0.7024605166240083,4.006039099640933,1,0,0,0
106.845768088339,33.27007393596888,92.65577878734022,75.48440261251126,4.522108193833282,6.26797857439514,0,1,0,1
22.54156210054115,54.2982138626283,68.48092420878696,20.13062878379526,0.033679508543609,7.809195822450277,0,1,0,0
217.25187355316493,32.55591183039283,19.309070337443504,51.103450748863445,0.54301339866194,7.85005652746178,1,0,0,0
180.9108678978129,26.46789591952651,46.18244951994166,48.86373271291204,3.8087810804688136,5.21683681983295,1,0,0,1
27.50277542499638,34.65274683501799,75.60452800946415,61.25823974178758,0.5805586087005966,8.586621856753247,1,0,0,0
104.73979784044788,54.6949551462331,80.18387956090613,90.1568204592135,0.4360355569835263,3.944212028969282,1,0,0,1
318.8104012286623,25.11248284225236,20.639676006197973,57.179429758623165,1.146064109149747,8.892497487108743,0,1,0,1
91.45104282677062,15.425695588144627,10.002764696084418,53.61955401007568,2.6042182454609573,2.440260305635676,0,1,0,0
59.26425651101585,47.72084121984685,74.09233412925445,9.529063964119755,0.1632945649931485,2.8381532495561816,1,0,0,1
176.41393849437142,54.55869276248491,42.09365583875851,10.661672841622154,4.297601106427581,0.578550210780061,0,0,1,1
345.12115439760424,11.038248711412,32.90331984564342,21.861211219411,2.3776513215181767,7.9660392735957135,0,1,0,1
92.29879231391014,19.392446765356684,11.16077228105729,7.922369452257345,0.2999652062351355,4.19969960051542,1,0,0,0
238.52608611799872,13.518319385659634,58.62694660853497,71.90176060130112,1.8672336634161648,2.32971030841842,1,0,0,1
268.950669211764,25.87648469493,86.60356618833836,70.09972735945668,0.7290988436481,2.356313262284967,1,0,0,1
90.79676495741587,32.021058734324754,96.1868481645329,17.245061098847863,0.7719861287801225,9.01892941523087,0,1,0,1
257.59355852803225,49.92958021779839,60.91704555519603,80.24710107157529,2.293793476970399,8.347470174587317,1,0,0,1
135.0462651245461,44.06885509290045,56.30151949659047,18.93074313615008,4.936557320183753,5.5576323093039735,0,1,0,1
224.98398240181703,42.25571404870587,17.6550746940317,32.1058028297623,0.203138417454309,6.180302464136425,0,1,0,1
225.4001016587042,26.142496796579263,59.39855213883398,27.40792092452285,0.8187215723166177,4.769539426975396,0,1,0,1
192.16339258541788,55.48685318508559,44.19811710688552,38.5076388715743,0.9836083404551554,3.947082101644148,1,0,0,1
40.69852181849882,33.27723004388987,64.64217527952192,27.919738930096567,0.708157113249511,9.158994968122398,0,1,0,0
294.0028485003409,63.74629628090927,44.9853713088892,49.00558337946069,0.6769238475096948,1.2998464000270056,0,1,0,1
119.06522209039018,43.04852829774421,31.626921110533008,41.66670932192169,0.0805263322419427,4.213545557676468,0,0,1,1
73.41629353595044,12.575884493870165,18.546874770553885,93.79125417013938,1.7353410153949795,3.478390984479359,0,0,1,0
23.863548128619733,45.57065372452604,38.34266001300061,10.03337151154031,0.8596219079497669,5.006599666498926,0,1,0,1
210.9036006840022,24.50624092590194,18.698035085897708,17.796323874861645,0.3249853328690433,4.603437151724491,0,1,0,1
240.37188302637605,46.17963180116585,25.92072557415856,9.754330451774225,2.539502423519919,5.21295083992826,0,1,0,1
15.639861835471091,9.178468889744344,98.86025427215914,61.32570754841382,2.4334864912994543,1.4421938234085911,0,0,1,0
184.1116398217556,15.492886230557565,49.96932012159568,9.905834967234762,0.999441339433895,5.155757940057106,1,0,0,1
87.0085635672989,56.34423553434718,57.86845898545149,80.27957636385109,0.5316960728289178,2.462067198177748,0,0,0,0
229.35874873921296,18.630773421410893,88.62566758634938,51.074476761373504,1.5245508728655128,1.8840969224325028,0,0,1,1
69.28458586169708,55.2224675145764,99.6012010441619,52.43068621233803,0.5098365963695053,0.6951004769226027,0,0,1,1
244.91883095483843,21.756565307264623,62.44430044102134,55.54350569409748,0.4037968048115218,7.6383929596236015,1,0,0,1
141.49001774218272,43.572914603522456,83.12264389397545,20.37323356755897,1.9668618974658416,4.303047112522771,0,1,0,1
328.48819617048974,46.64903441058986,39.424692190300775,22.79212728030388,0.0617412649485136,6.285104648951995,0,1,0,1
56.75712100963771,35.759285188703174,37.5169561702562,33.69355905857042,0.1493468023364624,7.289553765882196,1,0,0,0
125.9625593570879,23.31864060180388,46.243334889510415,58.41467742396663,0.0102169777130785,6.809200819869857,1,0,0,0
48.58099722180028,17.758662582265767,70.52565364062842,23.91059983461931,0.2489812655991819,4.731482154942338,0,0,1,0
324.39583021471134,6.991361273745573,71.39725203295889,15.469855441993513,0.1072279049701794,3.9095903630697113,0,1,0,1
308.2953801495336,23.236784074443428,38.371549118450574,92.3105197776589,8.20985200468063,3.790801100924603,0,1,0,1
97.70015342315293,44.18976743187698,21.98889317229658,6.978363332866062,0.5112234200644932,6.41848552945406,1,0,0,0
234.39457565162087,61.29828910690896,66.91566308189577,77.24276648024194,0.2424872077785944,4.97320383167164,0,0,1,1
287.8555480684134,57.27226893578312,21.549327596988807,75.92316346175198,0.4136228571330063,8.49886586748568,0,0,1,1
198.7682759438172,50.96388659211816,62.06432574063971,31.74927024605864,4.126254267433587,8.753284744050786,0,1,0,1
190.0811966410422,52.30684059519792,72.40799152506781,17.206395440658206,1.10145454315595,1.7470757611648586,0,1,0,1
92.22977890615356,44.89909420855972,73.05503467550065,18.106578203488105,0.680765787907025,1.40552483287997,0,1,0,1
41.65494105400573,20.61721145396018,77.8124899593637,67.76884555134733,3.0999829477159944,6.322489214058194,0,1,0,0
315.0533577041311,59.43170184234979,88.5573479409098,62.85259319775563,0.7537661090152034,3.04719619321968,1,0,0,1
316.1421394355324,45.24393871435005,54.99630927683096,75.44711068262481,0.6119716883456292,0.2347786517127336,0,0,0,1
225.2544954729111,38.6264378588264,75.7224270576614,89.37330551591943,0.3484325870718634,8.891994560161404,0,1,0,1
125.27012895655822,11.659368152808865,65.72554618292531,67.27346269399328,0.7117328848770275,2.307662634075892,0,1,0,0
128.7312553683047,31.82333262838553,26.79759458179143,19.02663828962991,0.5711975740603521,9.2963424842738,0,1,0,0
256.8249308158814,32.62149627211558,12.312068038246736,26.90983550888696,1.6965666739261365,7.188472786238623,0,0,1,1
315.0174883838762,56.8738165713602,35.60872471092404,80.79743577858031,0.5128541125467612,7.638402224619268,1,0,0,1
311.6093842501399,37.798893211267306,49.87303357038574,23.83754682507877,1.2912831378432166,2.0545418831419457,1,0,0,1
275.1576855915921,27.82403293822458,65.53953499857906,11.527008525903328,0.1022450886297327,2.380234534887288,0,0,1,1
228.29075969245784,63.60801971063956,86.49633974528848,68.29520486380254,0.3184707759844625,5.236614150549454,0,1,0,1
38.60758809831661,11.64323559957894,27.662114503554907,41.22737199411279,0.7848668094227906,1.7623935338661283,0,0,1,0
64.95376279216867,30.352905698716675,21.29948109086294,87.80360472913132,4.145723074970448,3.0890453421961706,1,0,0,0
315.50842409920693,7.521480510284317,96.71319527268948,63.522956398429535,0.7104199702036358,3.248551655580654,0,0,1,1
216.18588028426052,49.39424724601582,19.724010343876643,13.137708001249468,1.636297113245189,1.6383178358650026,1,0,0,1
13.12699754965408,60.08459313194904,53.06419630964702,90.30709105282946,0.4417322167985033,2.091569192281849,1,0,0,0
44.500324574450914,21.802239773029367,62.70073559139717,28.27015372762213,0.2037872764988912,7.896090827982152,0,0,1,0
235.59060149673897,56.50050060794725,58.723697881669445,35.34912413656572,0.0904797087938873,1.7135987527453205,0,1,0,1
11.720938507714354,22.533093827713863,17.74289413296489,41.203437231518784,0.5466578586141665,0.3331510488470287,0,1,0,0
64.67473748194953,59.64620969863491,15.132422260325743,9.610186676388192,0.2573591471287534,6.312081679157937,1,0,0,0
196.56948838463927,50.23771421580704,19.49350847149321,49.686388000754434,0.2867597317066347,9.761032037954877,0,1,0,0
245.2443672155157,53.29440661048632,62.70289154853513,16.0986641967763,2.1454277339017183,3.3455774555000573,0,1,0,1
231.6668282308842,6.08039333602727,58.991039887088895,41.087329401951656,0.0239472501312601,1.2306242468027102,0,0,0,1
86.25156521659032,62.76862142444156,31.036671283306983,36.563880919287584,1.2240238640449996,5.72535388740693,0,0,0,1
252.1409352581622,48.6002595242194,67.39967276610324,74.55560750838531,0.7157511556526306,9.06822440040168,0,1,0,1
90.66468974891202,23.285065723168,83.80607518500844,77.2853460469458,1.059500613268181,7.851414709293364,0,1,0,0
120.63589737415104,54.76367989153081,13.742106386193438,18.80715941501792,1.2411505291943905,6.244032890706524,0,1,0,1
263.8070777401282,21.891271904895795,54.831694919323816,37.98960686413036,0.5639345213856757,3.1848121412456134,0,0,1,1
230.87518567605292,57.36523037396768,72.03793708924212,38.60178449286485,0.5245678495522252,5.441707724098388,1,0,0,1
298.7359595680205,11.75482342471622,32.70807343627184,18.626939954247653,1.9830192120025043,0.9578861709773407,0,1,0,1
233.5883833821168,47.22115864764775,37.69938147638342,76.86081545460715,3.0751385668288536,6.805506971592665,1,0,0,1
203.2249251340604,37.44190859869462,65.22741126904455,68.65054955018809,0.3208699827351721,7.264705388031626,1,0,0,1
41.84942106155144,10.792068211726448,90.81417640993632,22.134360766733124,0.1540772820818551,9.652064647953692,1,0,0,0
135.0233730402074,19.51362969553034,82.89319782726095,38.00497177344192,3.4211738530623776,2.6409537195134623,0,1,0,1
100.16880501178665,5.744242176638887,62.48171971896252,14.52245223708628,0.645933155798378,0.2336413694780753,0,0,1,0
92.9564787488884,33.12607792787035,75.71995459815243,61.53859373837396,1.202159286953839,5.478804221050148,0,1,0,1
340.8235886158315,23.075915645600023,42.83402231870189,15.92347320937577,0.6683602809017247,7.082565518748303,0,1,0,1
143.65322638669855,40.90144905786553,67.6868975288882,93.7340751762426,0.2016731536646165,7.914554385035729,1,0,0,0
313.2958287602185,22.83426846251703,51.95634320148013,75.26138672190761,1.3349539683549734,1.9777023835968648,0,1,0,1
224.5871328390694,22.99514669041908,27.09425228118048,40.12146946255955,1.1171055734438209,2.654441046918385,1,0,0,1
280.23584320416046,49.5915919238962,73.15644464895314,57.0707539051419,0.3403387783629561,5.150279706409598,0,1,0,1
180.89661165576533,7.8885701587012065,60.08181736139398,87.02076345947678,0.9018615764552697,3.339478059201518,0,0,0,0
206.1473207729621,59.173699711519234,42.27594237582323,54.86893523562435,2.391436098695479,8.612089291545079,1,0,0,1
177.45601589841374,56.13583246347089,92.02052710707676,20.70486377581597,1.3389569033674849,4.763913529700266,1,0,0,1
76.38261585133513,45.06828099358439,11.884070604405997,39.083302002304336,0.152911764180398,8.005807508814929,0,1,0,0
255.6337191889118,40.593294206443055,38.419583612454645,80.88303785267709,1.1911809907835689,5.82716661679942,0,0,0,1
105.46260322989096,58.53814988837913,15.11932579998819,62.97917143906561,1.819713571482905,7.742246909090263,0,0,1,0
18.267428586694304,16.119810771722868,78.98745845994645,63.565194590042026,2.360407033367977,3.360096215976722,0,0,1,0
229.46058060843703,9.738149731449717,73.18967087024134,83.01393371196403,1.4878052852221184,8.322595388206597,0,1,0,0
70.21763099839664,19.370610194572286,39.82169968626853,85.45757517162542,0.2484766229564927,2.7819945397326644,0,0,0,0
329.7559186799909,52.67469672201142,70.80966119863658,87.78133146014926,1.8577080083386424,5.483683139632743,1,0,0,1
334.33571618087973,7.080216003588999,45.63435035763548,13.536427392784049,1.6967427948085978,2.1793707760800483,1,0,0,1
321.0538926749525,39.968410105009376,78.0628412280191,53.97134017667908,0.0370952524645916,4.781488890180623,0,0,1,1
135.8539580868511,64.7262509714786,50.876529646303545,71.64585690964867,0.7958989295775962,3.215843334611596,0,0,0,1
15.255249619814926,56.34176563025237,47.1051755048499,73.12341606143124,0.6073359653821017,2.703699134840281,1,0,0,0
325.6283112798266,36.28674134261537,94.12569239394708,59.60445817730034,1.6603238793845307,9.671500929378974,1,0,0,1
155.58261042788686,8.81845455719854,32.579118990163025,20.01086016653068,0.3652792554392939,1.6427373495929696,1,0,0,0
338.66263847484765,54.88241086314259,20.84026059969089,76.76784985474978,1.3405905377960177,7.883892082701082,1,0,0,1
337.630792210346,40.93871049063263,62.60888019335123,69.81002001634512,3.66632601625469,9.842441346857989,1,0,0,1
300.0232148589024,11.89597982357401,97.2389631055761,12.752219439413269,2.397764556683584,0.2480197632137744,0,0,0,1
110.11262330365912,10.631437089401372,44.0055292354468,46.74288422069387,3.816177610393075,7.005322769718845,0,0,1,0
140.9332277246546,59.57760916619554,15.583308726590335,20.65796595696232,5.7599698711809095,2.5664724652850563,0,0,1,1
299.3864683157313,45.15201577628471,40.53747405786108,35.37293411416747,0.0160911915252466,0.4528538520666292,0,0,1,1
117.7534817531344,54.757207959005335,55.53384888876026,6.627298298511689,1.4622360860304515,4.058751310618476,0,1,0,1
67.62753387327145,57.73873401693604,24.573070596899235,41.02968815696824,0.7986853473132296,9.355417211200209,0,0,1,0
199.31242923583903,39.30634112289933,69.22919962508428,54.48892290405894,2.947611062068326,0.1670626889516269,0,1,0,1
328.2926232146655,36.04678110530247,99.79744501091804,60.76243335443782,0.4351569106494096,5.899462634701327,0,1,0,1
246.6501308694908,30.82564461925941,50.65655283832994,64.71413106158391,5.947304346292047,5.038894962023477,0,1,0,1
203.8207978303841,24.01679526746716,41.92557010571914,80.2662181792214,1.4267424599626106,8.740172435491923,0,1,0,0
43.0400078820613,31.075757651522707,46.063375015102,24.391661654815703,2.3664540113713697,0.8858170594802253,0,0,1,0
219.1024570777177,51.432779343809386,20.363156055568105,15.843364019462117,0.1342300161940327,6.83118399737217,0,0,0,1
346.6183090354495,41.11540586090789,89.49462412836014,81.6383454708133,0.3040151815383521,6.8170914994111085,0,1,0,1
57.62856518041817,58.55139739729076,47.33430899692168,19.09515334033849,2.1307305239897736,6.7073461677797175,0,0,1,1
186.2320818036705,31.602800862751263,44.85469702823572,92.72840732025756,0.0333477418445894,9.426228224603618,1,0,0,0
308.30684445550486,41.425374723125245,69.37212456374269,80.82844064587732,2.5464039068486386,8.239720913618461,0,0,1,1
261.86133003642954,42.87845318551932,49.78300788380112,50.07889453006392,0.0210708308033268,0.4676286261228847,0,1,0,1
246.98535193839112,40.501829738379534,68.34101219270615,93.32792824298228,1.6055570421255587,4.737274364509905,1,0,0,1
248.84458855561715,47.15802638513098,15.530166111770876,13.76390561972038,0.6814172953581868,4.009632909203268,0,1,0,1
132.22699141471676,19.24600810248837,83.23510093500047,32.27591850575915,1.4181732902222597,3.13596484985348,0,1,0,1
109.82122704992774,35.741826652747434,94.64535575914624,62.44019735365503,1.786246343065808,4.540800415283267,1,0,0,1
285.1827928626946,11.25348816850086,68.38888475434473,36.500618162586086,0.6289092392849386,3.872732140013475,0,0,0,1
285.4385541909215,28.07067965868876,95.91093359729297,88.55352967827126,0.1713705731366888,4.35172230379272,1,0,0,1
304.80458831723524,34.26002411727586,23.628908293296696,10.90634793600358,0.1082849669227341,9.793655562805991,0,0,0,1
320.50178786920026,44.13345557272835,52.96745705323183,54.44706488548681,1.333509620602893,0.9318980987583284,0,0,1,1
183.85641561271885,62.03186315517221,64.16260605509025,58.1779640655603,1.1030031423878492,9.22619715489536,0,1,0,1
180.5155401936479,41.03906399290136,62.3562982679068,63.74553113995017,2.033362654261973,4.828355299036716,0,1,0,1
281.4203608487036,49.61563497059359,46.13156011801389,28.0099600998633,1.069215387002536,6.256235342720434,0,0,1,1
230.98773646444016,35.37596356971217,40.42759684296352,37.8109784767878,0.8234294563729629,8.310320517846055,0,1,0,1
248.66873826761915,43.04624188257988,21.41416202953769,80.93124766984799,0.7614639877587364,3.636607140035092,0,0,1,1
280.5695076082744,9.255932968026404,45.25682055060504,22.544849207314385,0.0402043693066806,4.33269798547527,0,1,0,1
312.60181621797256,20.263494850510817,24.639473359493664,79.41810624560259,0.61320973026995,4.124708878773204,0,1,0,1
124.91835332952218,26.71118559230832,76.09291088429966,55.63898806124681,5.5958125475986495,3.77857367423081,0,0,0,1
137.69820389758098,33.349601300390816,28.7947841945131,73.59687600746739,3.101928607672831,9.259016750386603,1,0,0,0
41.95385954589546,7.738924730143024,15.270877475608046,69.22466296371243,0.5993246085066228,8.29785241737047,0,1,0,0
206.6152479386992,13.40144585319906,59.712952403551085,23.676034584639112,1.3293531948715738,1.134549899136612,1,0,0,1
22.22037309089231,21.608858467478345,63.57067594474614,56.19314627904856,2.818888131277527,1.1258273571471056,0,0,1,0
168.30332616503645,63.29196145406304,88.4721755152455,83.09508375245831,0.873145034561635,4.307301672787262,0,0,1,1
194.49917580057604,24.88082042618305,61.92834511759137,43.89046131217364,0.0271815944152271,1.03164089849145,1,0,0,1
107.4240257236167,33.92246348672495,41.09327683511012,91.9931693200985,0.1161486764946447,6.20997629794764,1,0,0,0
210.88330859346365,16.765862764303577,82.27106933736884,45.69935900915463,1.0712275220522878,1.4797314922542524,1,0,0,1
20.370084979276804,41.6468042645461,58.62510038686789,17.850707300109622,5.23206432815738,5.24761397646967,0,1,0,1
22.6983841747329,21.840992930958457,17.135225616807258,40.04912120699059,1.7723854685715454,0.1218384726869916,0,1,0,0
289.6841906242838,17.419554706305608,60.9265504281922,90.65321657514836,0.110334495750861,3.2001336667058347,0,0,0,1
132.4648180798294,35.99435770675875,91.72166908794962,33.77487644058688,0.3148984503203311,6.788047700542921,0,1,0,1
53.20057430164083,5.330347949625249,45.66813629483985,83.12883438803566,2.21316806658848,4.866187455267092,1,0,0,0
187.5627084186335,5.45984195895352,36.66932217098201,84.31256135137008,2.762431041754572,9.783781385689933,0,0,1,0
271.79780805352766,18.144128546111467,22.912251131621804,36.516787189876496,1.4423032158302882,8.747332770858797,0,1,0,1
83.37914934892667,7.2032817500492685,23.63009697418216,12.493189224556891,1.551020900856697,3.622754251479354,0,1,0,0
221.7827617784601,11.481545247841485,48.9494335907637,70.21021182429364,0.043120058963826,0.5025910876491323,1,0,0,0
39.01813809788112,25.33163896032509,63.611184174537655,33.03610691125874,2.64502270297821,8.463981686144438,0,1,0,1
27.571785197326616,53.15514077478877,17.25538646526416,75.46312528318151,2.328701999082342,9.11678138763098,0,0,0,0
190.6605747331703,39.32291860215805,94.56117301226492,44.83893634343898,0.4497031241257953,8.215242564519416,0,1,0,1
193.81594134743625,35.76006355738498,77.96202557006764,48.67400681083594,1.8499825507213168,1.3231019121516605,0,1,0,1
226.72616650939025,22.609329392487297,62.79615264552964,75.01184660736831,0.3628295454069549,9.979255587402262,0,1,0,1
256.8710534657049,60.90522316596898,84.55948038450917,39.41269979554651,0.0617489571532864,2.6229130044500995,0,0,0,1
341.7897070172618,28.8209024742315,17.216808113090195,44.88146107906231,0.3368478595084896,7.255838882443282,1,0,0,1
185.5421184224064,10.22556600774629,52.9154989959812,38.85714218926599,0.2951703504150483,9.08494701954043,0,1,0,0
119.80520080002364,42.02399096706807,66.7083814175497,38.0606463749552,0.618163688844885,2.3950867875905586,0,0,0,1
280.36330622135927,11.830303608596084,84.57876155064604,52.33519192113135,0.813086192353863,9.087172619036808,1,0,0,1
102.08296542910524,25.713388568101525,80.51226040443409,77.79195000510356,1.0655587060501428,3.129341712988926,0,0,1,0
159.25028303991627,35.44471632306853,34.936232474205966,37.559148073030926,0.9715549864391696,9.765311562721358,0,1,0,0
36.67516965637043,57.45335148111055,94.6792152603284,52.182924848396304,0.4734529347906516,2.848537202785722,0,0,1,1
18.619252761255552,34.61279482040712,21.19112572877833,65.36545928983408,0.0444068878817587,9.53668645634046,0,1,0,0
337.3004609904945,47.13552596189986,88.76202567590369,29.24955016732895,1.393690228001188,0.5827692763821153,0,1,0,1
294.23324097415,64.56901033994421,97.38462246441568,29.97705244121533,0.7556380546819452,7.107256516114639,0,0,1,1
246.6312300718573,12.889347193878898,25.9438170900363,89.00718143211093,0.5321697341969039,5.344505781678186,1,0,0,0
149.04400110085177,21.48389153117117,74.98594577834068,70.11811159979797,3.025444442991607,4.804876917371169,0,1,0,1
68.92006882408756,28.674564535858785,13.62569669001986,56.9468008600978,2.0600275663856227,2.273768426845608,1,0,0,0
63.18859450816925,30.30969071232988,46.488054262523946,63.29480489785508,2.925417772642777,7.070678108276094,1,0,0,0
95.0825853759624,29.661264515932743,56.46549692779066,7.636949879307653,1.024744170616241,1.9485544398907555,0,0,0,1
196.73706600008097,59.456660153393294,62.25807033186707,60.62926690055272,0.2104995680538406,5.550775870048444,0,1,0,1
252.9626137180212,47.84195866801139,94.23435234237036,50.855798590178175,1.7871843769316884,2.569791362250496,0,0,0,1
234.46710808402864,41.47431284544223,70.50256185647751,54.11747118014921,0.3461471158316037,9.558432728824494,1,0,0,1
105.17752496162056,23.562363071766924,53.31501560973133,37.348144414773536,0.8730251209549397,0.3348803786647455,0,1,0,0
334.654195425486,54.42742305327768,82.87075326393004,12.33265079416477,0.100814390234113,2.0372963871068035,1,0,0,1
260.8849516765613,62.303630689099336,95.5479538858968,22.400531025084696,2.617099738942797,2.4609905335551043,0,0,1,1
198.48037785387623,54.2718969530136,11.985953381406176,90.56702418914044,0.2019104838167899,4.169974866389773,0,0,1,0
217.98505371967977,5.093906311488374,98.42691450304348,41.78296060438406,3.5010750500565653,2.3656659066070325,1,0,0,1
152.66402122544858,43.18408221100442,17.751892515731228,47.001484024777774,2.995196155913206,4.938923448174413,0,0,0,1
94.22853643039352,8.068122886526044,83.29481013418852,9.743881086809507,0.9370634347220396,8.731031956422463,1,0,0,1
131.03071074142895,20.45643322002331,35.23012772962713,8.380960658958253,2.046025751862856,7.1350310430212485,0,1,0,1
267.6676775578855,8.571482020866302,21.89616919784845,69.54633023420818,1.4491871391781834,5.820621706324355,0,0,0,0
14.893786134116995,41.22772717696326,49.58700757424514,53.42851977090002,2.437403392856364,0.9355816209276624,0,0,1,0
49.46469777235152,46.1953948095564,67.95609215028522,50.783538579464,0.847936180047423,6.955221478473292,0,0,0,0
25.64089828739593,11.869258283954307,44.28566605211275,26.88120773804018,2.3113270961052583,1.7058221288938515,0,1,0,0
23.847792788449844,28.03033298269877,14.910886745442903,72.027565846693,0.9311192727952816,7.874355490318894,1,0,0,0
300.85659856374247,32.374190537332524,63.95150256928449,20.14129211976427,4.2444572040946085,2.538064747176024,1,0,0,1
249.24367218920804,27.143181305654995,91.21629484996072,22.094126929491804,0.9993843108875962,4.199634846792963,0,1,0,1
171.21910188969056,12.261500029111582,44.48938293525265,46.4640954213448,0.9315726673141564,3.5371785130633824,0,0,1,1
43.2636146213405,30.136867411248524,29.469949986774434,30.76518759007468,2.3061773198330218,8.595198451014825,1,0,0,0
177.149397539723,50.07068286850509,49.831961133953385,27.271668310983173,2.5854030307053097,1.3091173641984108,0,0,1,1
170.98040206539233,9.260459871995328,14.352643994390275,63.07138800979985,1.2128003964374248,5.678166579728647,0,1,0,0
68.88863576940517,9.810800844914208,83.84388260322473,63.58745706966901,0.2973066003127665,1.4635130139584691,0,1,0,0
157.50956074091084,26.286277510159053,84.3706729855168,79.20653628199364,0.945986159678648,7.062718569515257,0,0,1,1
145.49160969510697,61.5035426971355,62.92004170866656,42.59377102756783,5.166431494091679,9.055527371555089,0,1,0,1
219.3890333377536,45.11435880337484,41.779260004455054,11.57765819235352,2.097466567934473,4.374346155979171,0,0,1,1
225.9318412949989,45.72019740035389,81.9805028001205,29.62997464293119,2.5003034583156767,4.90651798963651,1,0,0,1
25.40336332249513,26.715199450271896,59.92183223095304,93.20049168771352,0.0500645153588164,9.277857223003483,0,0,1,0
137.36828897300023,40.61964747251231,84.33390776950147,58.66327177094319,0.9462714848187112,5.233864317061103,1,0,0,1
222.7923713428404,5.607871041664603,66.83129133247186,68.87633763209183,1.560321782759782,4.90160445859313,1,0,0,0
181.0663279172298,43.165762784572536,80.59649258915175,5.662204666287308,2.658223675576928,5.804374571907826,0,0,1,1
301.2065460040296,59.7972168545742,63.8706693895984,51.63851589642688,0.0757935170253328,6.907835876811372,0,0,1,1
233.9558347504413,41.75440810068915,47.27269613940996,8.37757917786228,2.8702692815756765,1.1134895821159625,1,0,0,1
65.3977052076861,57.4219156079807,96.21512739335238,56.23071908823032,1.1924407814734193,8.220049751028085,0,1,0,1
33.99337411614614,48.43838332796563,58.70024423909603,87.86937646724678,0.3296874577140309,4.383275023159929,0,1,0,0
228.4225545901473,12.233504984221415,64.45805666864845,92.15772174503672,0.5724512385128857,0.7698676734799811,1,0,0,0
19.01384558415142,59.1471984371505,29.84388754732744,53.649740785003175,0.4967813961141674,7.87251755852222,0,0,1,0
209.16369763297752,8.986630661346492,66.30857104845488,46.23843247269944,1.1352779837217626,3.800652218278407,0,0,1,1
329.6782820844856,37.03804835286583,61.44468845346495,90.05153848236446,0.0796039056093459,1.048656576195787,1,0,0,1
205.66122047779885,13.52822742760746,26.635455815232245,65.62488487970256,0.2589183530657647,6.3561014434553424,0,1,0,0
141.97777491021745,5.702396643854244,15.362838761782935,10.840935158456851,2.512509792912418,8.807306966664735,0,0,1,0
228.71799427040008,30.322055607658346,64.3923387743294,46.91530199007478,0.213389472609475,8.883147418669164,0,1,0,1
165.8059827671157,22.702442459249376,78.73230424152885,26.62205166178736,0.3986778895502701,9.578751574349283,0,1,0,1
195.5097083674179,34.16002962785618,57.10612338298074,47.28238893038134,0.9059763452094692,8.683669324678545,1,0,0,0
330.09803498401857,39.63199320407305,30.409536278768112,45.99190148057256,1.091983413907866,0.0713021474874784,0,1,0,1
141.27489685226325,7.624344338536842,69.98697790237314,57.39303225332678,2.163411486662893,3.833399605813233,1,0,0,0
336.8047917001308,12.380197707424738,17.2095153948642,37.10934413143261,0.8894978871370884,8.194498670059755,0,0,1,1
317.8192182650617,38.51854378702552,49.76503343217591,19.784340451033525,2.340004941351381,3.694217409684818,0,1,0,1
76.5689858283608,25.590041190359493,24.703008255857817,50.33474911309607,1.4448624667477457,6.035407638478075,1,0,0,0
33.582842297556255,48.75040925296688,26.601314595389503,79.71825959111858,0.1800341231912756,6.082853626376593,0,0,1,0
44.26452046832506,44.13749891551638,28.206455424238328,64.7611005260842,0.2549933415456137,3.682001775186289,1,0,0,0
16.195420721526908,55.73626177939441,44.80363513395801,35.45310793326942,0.8618033336169758,9.049515576448812,0,1,0,0
42.11060665701565,46.54956960015352,14.603518505835789,89.19707204829714,0.7584820070440832,5.05712203659187,0,1,0,0
242.22230296156133,30.795864643408887,45.80140968361884,87.0986814124264,2.0411988306681312,4.674602849078132,1,0,0,1
34.20414047647786,45.377997343665946,56.05367024032308,23.84135594456889,1.303885806665408,9.975261769335864,0,0,0,0
118.45171429987884,21.522870455325112,53.49648564696927,8.547582660832667,0.736860709101171,4.960328622522535,0,0,1,1
297.25760572961457,23.37880992669276,44.45056903627365,71.7177837515686,0.2808690032051458,1.8250626066893807,1,0,0,1
17.912458150180797,52.3391095952476,85.52319472636772,79.4849235214238,0.3858982773265246,5.155040757491208,0,0,1,0
286.9192840802382,31.78517098409493,23.07940231784537,92.10781093562196,1.2852685086810167,8.149466518423305,0,1,0,0
105.83062342295598,52.90282043110115,55.51270694032366,85.08527546794797,0.8260106933348759,7.7797602526378995,0,0,0,0
50.17604139136313,54.34534242009671,15.583727526089888,59.04812913857734,1.085185399420452,7.896388562829285,0,1,0,0
246.8906362238112,56.45374025967703,16.404011099011875,52.70471052911427,0.2807191478470004,7.0948366507792215,0,1,0,1
223.84056790516053,59.99811415047244,61.64792647093867,7.505694613632766,1.6310913065425023,2.579467399213548,0,1,0,1
308.340484599198,30.85911323079777,60.94165823990389,27.199080216030005,2.871284681357616,8.627736654110302,0,1,0,1
259.9241548933212,24.13200909926833,89.02301615600112,46.36532765596338,0.4474867678448214,8.939762480493837,0,1,0,1
283.18351633084853,39.93192479564683,60.208630809406586,61.5653510075211,1.014477059932973,1.9818193313545631,1,0,0,1
105.8917546742442,27.27034540625765,96.38119183643651,55.15266499865696,5.565297381408467,1.3480335836863695,0,0,1,1
70.32944488510576,41.06445000801398,14.38253635599368,71.83723907135214,0.6079915925569261,9.757269437461664,0,1,0,0
265.2090155578918,47.33515175862948,18.82069163026669,30.17902377983368,1.355973975500925,8.689823438321161,0,0,0,1
284.3238113508698,46.30430110952821,13.965927541334326,55.845734688722594,0.1417886366460343,8.93769966473897,1,0,0,1
346.7717482802289,27.473173221207283,26.674916530018603,12.932801905171292,1.3971636716522355,8.869445027012732,0,0,1,1
150.290010149885,15.01161210192517,58.71430998475103,42.22989712248862,0.1408591748964563,5.4397838991355965,0,0,0,0
136.48614916954628,30.83176030773245,68.10149632846853,72.51447496591409,4.799913131679888,6.481697279824706,0,0,1,1
273.98040665227893,13.555648644914523,14.10266421538019,67.40607680861396,1.886390851401905,5.476360378729734,0,0,1,0
125.87320368602607,58.4058221110285,95.13738008610392,94.15784634549613,2.327884509178972,0.5595031744437743,0,0,1,1
326.457490705212,25.752647644271445,85.7948838985343,30.01020133889804,1.8266226855000032,7.467755699260087,0,1,0,1
301.860335626624,14.267584833399429,36.69512339413838,49.837036925658126,1.336406174933187,5.078053731692008,0,1,0,1
155.85796930750624,6.526865594345052,16.946877720382115,34.65773723965971,0.8965176502253087,6.494705294162785,1,0,0,0
265.2961630491091,43.749343177189054,25.289836589715154,44.65428026532573,2.9318416790307955,5.051266059506576,0,1,0,1
266.544577188792,43.2141390472846,21.42499723794754,82.12551168824493,4.7141111434940965,4.943522657108436,1,0,0,1
45.06211540421709,25.4362499948775,21.09554013690521,66.5788167669638,1.0368320728639069,1.7593016393037797,0,0,1,0
316.8679882710527,9.30271333085906,56.670551979916056,84.41970722128235,4.022149996740158,2.8232014656544315,0,1,0,1
181.78580663227143,29.57773369371392,32.12626982440602,23.315999749869786,1.3132015819902871,1.6305842848423602,0,1,0,1
290.99553847663213,23.673049703803613,42.232574487623,83.60250060572942,1.1595334608273546,1.996879641472157,1,0,0,1
118.816864350408,45.627238384100565,99.055480004589,10.378604676054598,0.909031230898897,9.731124935182034,0,0,0,1
314.47789768870814,41.346754967161424,71.58828240328103,84.97393523934372,0.3522317580085712,1.5734787854333745,1,0,0,1
142.32857076961545,26.8756236918524,95.40826003423012,34.61664015146551,0.0055898939389249,2.7292407218368155,1,0,0,1
13.684801503301443,18.073553255299405,22.8300899529804,33.312887007265985,0.4146310344926077,5.92636709449892,1,0,0,0
317.82987198254966,64.28215796933551,44.39255273493124,51.08797190287975,1.0691776372408242,6.121276833554586,0,0,0,1
41.03747010728541,32.24009727176689,59.92586229541188,89.66211689509086,0.7169568148494222,1.5820425909510991,0,0,0,0
118.56663678074104,46.29645414681422,16.90822556998642,9.300322821326484,0.8926299832809166,7.947488386562862,0,0,1,0
333.0210687972737,13.433178054701646,10.376869926516209,36.70078775636708,5.917456277318082,7.862768535732608,0,0,1,1
333.2064299587691,34.13538197956387,70.33909004172259,82.09147898150022,0.646803053564666,2.411311156828716,1,0,0,1
204.96888196191728,6.65220319216793,67.76375651212918,40.644902969192,0.9027208180757684,2.922229711620831,0,0,0,1
224.82465213773176,35.327307074627,46.97099289996506,22.92412078373603,0.2149666759613655,9.382979261321996,1,0,0,1
162.47147747262872,62.841044427062144,54.06796684288294,43.23147631982706,0.0737187697135824,8.265430887495807,1,0,0,1
109.69166237734194,28.05240277914801,47.389870053288064,39.69972513425024,2.24021489994566,6.993080478972112,1,0,0,1
121.74594542577142,7.339760754494695,12.160454036039996,87.3874581320033,1.2683401694697374,0.8682205540304753,0,1,0,0
238.65627506619307,6.857347455160612,40.18344455957162,73.57409381687874,2.1450860520450323,4.211727604980628,0,0,1,0
265.8073400088112,28.27920559681217,25.937402985756087,50.46040001696057,0.2435362941732277,5.6150536271644285,0,1,0,1
279.1368748667885,14.601496187791644,18.858177019123183,93.9533510049414,1.2723481441136633,1.9147423154385803,0,0,0,0
278.47016855014834,6.401125779691155,96.10483905004148,46.874977814833095,0.4388258050053681,4.509854491976833,0,1,0,1
41.01007503655472,50.37281683701061,63.94237525379491,10.24140477382477,0.3882762088021802,6.030207481012464,1,0,0,1
178.1029035988777,32.51138053291344,75.57906558129424,28.60468896334864,0.0173894301190998,3.307397967148222,0,1,0,1
29.569978405659057,22.35468631835927,38.38273689395058,44.24634321973814,0.2094806704939745,7.820400948557347,0,0,1,0
196.83981999007008,59.00499098098884,45.383241654461365,19.12123617315081,0.5550053033588868,8.412473337306114,0,0,1,1
160.12037046694817,11.968337612031537,31.32315945070512,90.28086136916389,0.1864391757442252,3.2699142208690035,0,1,0,0
311.8194221378219,62.35512973731915,18.72691038688823,74.01640080359958,6.3879559925095615,8.394638687199949,0,1,0,1
129.31110426770675,23.83800304264117,26.112847369742543,29.14584803849954,0.5536259602506433,1.0805868327249994,1,0,0,1
49.80278558538599,58.30422033852087,81.77626407668373,58.17240801661242,0.2094517338080046,8.38540453129543,0,1,0,1
58.61717189796419,41.17657258876769,70.97912246653982,69.93042413986149,0.3329956496639005,1.569866795092785,0,0,0,0
268.91361478394055,54.60244158448925,59.22359883869292,89.71510360161182,1.3290178040680605,0.8751251674717742,1,0,0,1
220.1941415275288,64.04078979262786,52.75808855800913,84.34718142578696,0.0992794551618601,6.435665274188061,0,0,1,1
44.38170988174869,22.304326269124743,93.0190855290512,51.36730035243923,2.975478634599234,4.745776789265178,0,1,0,1
38.59631407909913,62.668129124455575,16.546145300080155,74.71873578137158,4.885633059330656,9.083511474107686,1,0,0,0
248.3295046961008,28.36891369414522,35.25407319141244,55.59302784448265,0.4250320150589113,3.663732501103949,0,0,0,1
34.7394221638258,28.13071428421534,41.494406821364265,54.74335010409861,0.8970153470683842,2.907165021204405,0,1,0,0
289.4324201587212,25.423226255270343,80.41832309915091,15.32677625043727,0.0335746408323365,5.032312316134773,0,1,0,1
250.1223572332087,37.48445644085511,99.32631581457744,16.352389221453684,1.535439063932078,4.586664548398179,1,0,0,1
37.65858541824592,14.248702590709224,31.66034632814377,52.65802535202117,0.8014639748514325,3.477059059861023,1,0,0,0
38.84482278896525,38.22268912148067,88.68766007233725,29.197539048110595,0.4721862578957939,6.952725922048368,0,0,1,0
345.4574566903997,37.50228874460024,84.75604843886121,6.893321221442177,0.3475900040735099,7.607640247443387,0,1,0,1
137.2520705570809,50.7141087562922,30.219165787759,70.0555283510191,1.5920748068768642,8.53719049184986,0,0,0,0
136.0183300027429,55.018997716255136,45.93993221793003,7.923793702114846,0.8073389905573156,9.729923216867912,1,0,0,1
286.35185286755086,31.42648101874544,46.87055823632672,58.57491569936491,0.2970532857562759,2.70322911171842,1,0,0,1
332.064516310512,23.139994961089624,98.03986016739024,53.527441471458296,1.7524697589880596,7.175130150775116,1,0,0,1
345.2403616997761,20.56009383902567,26.28027112410085,92.1933221520024,1.24886314440197,3.972869443182665,0,1,0,1
266.1485829880402,16.677430202292314,81.92421739943039,48.57918254128775,2.935008356469297,6.7869656209135245,0,0,0,1
137.92825908051134,8.458854931941493,40.07734427557989,10.72412927400176,0.1874537707389486,4.7860178189747415,0,0,1,0
38.39024367754738,25.5468787300828,75.77833111985443,54.65191710258155,2.3103338121641928,9.93804237254092,0,1,0,0
274.2299514153285,21.214861527846995,47.800990386609655,80.69865535544913,1.6790651190530694,7.302576251117961,0,0,1,1
199.8574449101737,62.98504315198444,62.0523786804886,94.7164355853296,0.1832699880726283,9.527288439321527,0,0,1,1
154.23548314397195,38.46252957500264,84.9350595993518,43.73088563201652,1.7802838561980003,8.357947017337798,1,0,0,1
318.1604909322102,25.83662234183045,82.37490084854957,33.826886824706826,0.8738780029258324,9.033865061075542,0,0,1,1
47.807143984091454,39.82805605962176,87.97808651857301,86.5987967256799,4.3502182586193845,8.153471012286015,0,1,0,1
177.49253545889212,13.35180208074173,15.365559281019312,22.211791616850924,0.2290474661203467,4.618633347240317,1,0,0,0
13.860239220922484,31.642624952132174,72.28454977357703,60.3886023529634,1.5443293705149477,2.555295110801499,1,0,0,0
169.34461827800294,42.57405928526383,22.59886390495866,41.514298176285294,0.7218517997262179,3.734685745732696,0,1,0,1
29.14311373182469,34.33386990754708,47.42367112165699,8.697412845999976,4.713381657628883,0.2513505147675069,0,1,0,1
50.39809153114445,29.10672803925945,59.372957354921965,36.2559626875128,0.6006601463746384,5.263732016273438,1,0,0,0
49.95892390421566,64.63090333398189,46.246553627214766,28.87056702524072,4.912610221573393,5.075325112690566,1,0,0,1
230.7315027194616,57.81888572893562,56.76505082227067,66.74820385491381,3.476332646208956,5.276242125063357,0,0,1,1
263.65525895024393,42.40435748956641,99.68736779187572,90.39114479227264,0.4728537938512431,9.741610688472036,0,0,0,1
208.34538013303427,39.16264167093696,22.169558234156924,29.1242468640774,2.440958212486578,9.11896733437565,0,0,1,1
337.1386664813443,42.23962878947504,70.7910440802783,78.03193452365136,8.140659224490797,1.6590421443845744,1,0,0,1
137.45599703805937,17.078726469345995,45.64008697470537,9.982383524456855,0.4368585909028589,3.720381089481097,1,0,0,0
107.14210933583264,28.70826459585912,21.970881901659588,53.43089090358318,0.8611199063052609,4.268363985659455,1,0,0,0
305.3237035844165,7.367571973453959,24.28630870368785,11.349505733890512,1.1015186707518043,3.637302532623895,1,0,0,1
86.0225850966139,33.5327622492096,95.43457956210553,89.06296920175754,0.524189701844085,7.995034837858935,0,1,0,0
337.49566340980783,37.58147503745979,89.16413470405858,73.97161525016512,0.0230738200498336,5.264174815182489,0,1,0,1
14.132521394537555,18.66498416619257,91.63377643735195,64.21549200841332,0.3729406060755227,5.742393178867669,0,0,1,0
339.75880108059727,62.841730829930825,99.2379498244648,79.15067434621979,0.4967967134712336,8.537484911929859,0,0,1,1
24.67437006319588,59.56727665623452,28.74838510076661,63.27678160131468,0.879400923182525,8.068985126482819,1,0,0,0
312.98865865734416,48.32859412735435,41.98954036276555,92.2049957456862,0.2814881225880363,1.3655046520619818,0,1,0,1
189.418377089342,37.00319772592175,70.22971269323801,69.25621530782944,3.0983595141337124,7.153450111632161,0,0,1,1
347.60803068056214,57.1981495788611,53.542228587458254,88.21927486240222,1.8307180845434303,4.382589482575253,0,1,0,1
35.09083201003561,12.839140629407774,47.65505800405002,51.54187028095743,0.1335755083063223,2.98175658547188,1,0,0,0
198.31045669644908,52.4305876564931,42.20301244020337,15.53579716836764,1.5751294582582456,0.5476872679767542,0,1,0,1
339.56286211049365,12.489248838010898,63.4402568749107,52.53599492807154,1.5904862305627157,4.898133125437236,1,0,0,1
187.8532670178506,52.652639752964326,61.80340857760738,16.418554525678395,4.692907492506531,3.586594973209087,1,0,0,1
223.9955369659893,21.546054095081416,24.53120506578161,58.32441312587645,0.0045381650970876,2.552554744780188,0,0,1,1
246.55455425476984,57.625434861091335,52.45658537665952,48.42437544748967,0.4273936975209609,6.961983709489727,0,0,1,1
164.5439620210429,61.64252562952387,59.81245985888649,61.03178580495035,3.942295838781266,7.70637960379009,1,0,0,1
223.3697472285816,13.92775816430694,61.32582448582514,5.904228294934844,4.035328289409277,2.4856557143427764,1,0,0,1
208.66686605385408,32.760536303923615,28.909647362111663,22.53564424898277,1.9125933404043365,0.5420019949595052,0,0,1,1
316.3937235669363,63.8592426897611,76.80442530270581,49.21973887209178,2.177134839418569,8.495089370624088,1,0,0,1
25.45176931609568,34.004446158388795,12.267918533896268,90.54532054302214,0.1439124492771827,0.149099424982818,0,1,0,0
105.52748446135833,56.81285135087271,41.93486699888464,39.52481363196426,1.0819368055750764,9.374269314518646,1,0,0,1
333.13990458603,40.32389132787919,80.21913836820701,43.19348234482712,0.3951340696535497,6.294817746127923,1,0,0,1
312.6896865229116,27.51979447517612,60.75036289498621,69.322648010596,0.2999061931401418,3.2523740202531366,0,0,1,1
164.9232959471424,22.147013331552213,33.504618925977425,59.34134815575062,2.4934931901889605,2.5024552002885248,0,0,1,1
220.8450832525225,17.193385465165235,72.54578074087429,31.903353508849992,0.2176047925053336,0.1396063594315286,1,0,0,1
104.30960221358512,50.70789148266184,61.0651849740466,41.9734756010685,0.9485061329898286,2.392940599258228,0,1,0,1
73.96119430607885,28.19243040938167,81.66192485107484,24.59298189715092,4.184986653718624,1.420396600095554,1,0,0,1
167.65745767959393,35.67652773204507,76.1522667570841,91.94193132171876,0.3083829214744991,6.141053896195299,1,0,0,0
130.13975752885796,34.53952880007091,64.90971298326112,16.757094340162375,5.724620923953695,1.7071286065083229,0,0,0,1
208.4430780292965,39.63674175398788,53.93599077797326,38.46531061097775,7.74777534170425,5.309866883489361,0,0,1,1
36.42977656809485,56.93462873747313,21.986391310077103,7.325507499801008,1.216603235785996,5.921658402327484,0,1,0,1
341.2942346064966,63.84436061500576,33.51997160968454,24.96015427401917,0.2797523536472088,3.015514898551799,0,0,1,1
345.31165312306496,29.455052514429017,47.71895256253767,75.24240245421394,0.5699260770914315,0.398896242736251,0,0,1,1
247.3749827667133,54.65113532637818,63.93693583057498,23.10577090599915,0.8287553952255193,0.4206761121112511,0,0,1,1
192.27276455700093,50.87166767928306,56.23370696937744,12.205706227606903,0.5551271635309742,0.3121559553294801,1,0,0,1
115.23938953735144,39.4117370873344,35.93660733635765,47.70078618600709,0.4940808099804081,7.404290438008634,1,0,0,0
286.69030670036256,62.36282861671599,10.581792201073949,5.897231126106664,5.375682759862803,3.214196562902266,0,0,1,1
242.8085986683189,17.028470931704167,54.66152997107326,12.628953898369986,0.249728109096975,7.973186850378252,0,1,0,1
65.28975937726304,11.555852618577283,35.70633897060188,77.68632826066776,1.9826032468161825,4.345741597236349,0,0,0,0
319.71524272790646,56.23771801732533,76.11474706394816,74.43260103736458,0.0006155604463743,4.557331103258139,0,0,1,1
289.6626625938774,31.348988998024897,12.155163874343517,87.36249383644065,1.3601889828879012,5.153181894970258,0,0,0,1
332.9319705192541,55.818131252423626,62.634503017521176,81.90638923196745,3.714390278813818,7.144662990932283,1,0,0,1
256.7446328520424,58.585412311724895,94.73268137554588,66.48580069158362,0.5093772110672581,2.771353515005585,0,0,1,1
218.56116661816856,8.747455617144286,25.69683404003496,9.709957157059655,0.3078191137432364,1.259794127858593,0,1,0,1
152.20263233881042,58.00788577916365,52.44845416755359,75.45637561879917,1.581949638911658,5.5827704851550415,0,0,0,1
327.1276843403645,31.89914332216533,18.22797926354244,81.09597297565044,1.8703278030049768,3.303427351265255,1,0,0,1
304.4617224301388,35.62594934025393,66.31137210352173,76.9173931194759,1.747274869666276,4.452788570996972,0,1,0,1
25.3743478361044,42.59555066559261,59.54785125366031,50.763113177722346,0.5769875953037467,6.487119747956188,0,0,1,0
18.964771329065684,60.582956403805206,46.66289717915491,25.96116547845335,0.4359343931192146,4.966551124355642,0,1,0,1
137.99754473853687,6.146965665785842,56.92393193263671,81.0796978119854,4.682582835624736,6.221774230153386,0,1,0,1
285.5881324658232,33.610608099069026,90.69171926221092,70.44465287661247,3.8517707393196297,5.464790021030597,0,0,0,1
345.6738839670811,46.26332254583364,27.666487207996035,93.26850569499663,0.9168438066176658,7.410973900764186,0,1,0,1
61.141742975199584,48.362417461893706,12.030806053481252,19.012333798033964,2.808093511117045,7.074069346230618,0,1,0,0
212.004443219726,46.55194589222648,87.54983962291908,25.30981247468496,0.9031056809644408,5.36518942349576,1,0,0,1
139.5028912545473,13.066107764487311,61.94053741491158,24.061833489335243,0.8284848375828298,6.805085057554082,0,0,1,0
339.7708952569651,22.96373530230088,90.15926099156582,76.32857908592031,0.2557607393400449,8.741918042612497,0,1,0,1
296.32043386614095,26.52293152502081,63.72507010718553,21.821656680510635,0.8337503227353289,4.351099313492277,0,1,0,1
295.03175960178686,53.2662324607703,82.91449809637322,10.99938468409755,1.1563937189066626,4.156992573850497,1,0,0,1
169.3556743302899,21.72559234487318,48.67060270196332,94.87047259270658,0.0341421212541524,7.654243927481182,0,1,0,0
151.03863079480615,17.64229783203219,77.48739381594419,7.233549030063423,0.8807853781609873,5.84641067856784,1,0,0,1
102.95840445644012,62.44688114228577,92.17373202008704,80.17196541429792,2.2804671622173567,0.7565174632147561,1,0,0,1
29.16766886131522,5.531797106808134,61.49106673499857,37.88301573955875,1.709367329574485,8.926514556126259,0,1,0,0
304.0056079267181,64.8692513409187,26.27066355061416,80.74539137820338,1.5124321865977517,0.3562918672645193,1,0,0,1
286.3863431042264,45.609277931443735,34.19178535271784,54.91584420900305,3.604527127246992,7.496543744286943,1,0,0,1
349.9040089172844,54.70815796694703,27.87801192076652,86.1468106537724,0.027294851583482,7.600001719907913,0,0,1,1
348.85652460512785,22.67716378077159,32.21713248361596,88.3573687773164,1.2214393991218395,9.533455298555207,1,0,0,1
198.8467799048933,5.858916660023599,37.57739044159327,5.81883631526984,2.322153362807061,0.5886373636030915,0,1,0,1
271.4557211613736,49.272171113691805,59.96204080778696,11.787095839350943,1.1691540258984492,5.988725764805684,1,0,0,1
331.22034816002554,55.04867582004054,62.91924665174495,27.532285661376992,0.587111560285675,4.307013677739176,0,1,0,1
298.8801128303199,49.42856791721115,48.3849772517675,65.23838747271515,0.219708837197123,3.3397979008524428,0,0,1,1
94.0983545926872,13.571017238050317,65.38787018387518,84.94449768603555,3.278044279380389,0.9486696749757768,0,0,1,1
163.1850060054318,50.20567533541814,17.341743305022934,46.39477561645665,0.9544766763586958,5.648408490729526,1,0,0,0
53.91420115150829,51.13536692645846,17.900941335234396,59.62758046468389,3.157018376864594,4.816455220462405,1,0,0,0
334.3773492679656,44.512430940203295,25.46465143218926,21.964986751600502,1.3222982651165274,1.0903168586026917,1,0,0,1
216.0993757132992,50.96695596773517,56.62697482363103,77.44701504935168,1.6821710791493567,6.144270595615979,0,1,0,1
87.73855387117733,55.75528638066393,29.25952108284822,92.05953002181228,2.446460892766575,7.392633546516737,0,0,0,0
238.37823269799128,41.8162468542475,35.49559631433196,29.173903962313773,1.6144935724284832,7.6844190954838,1,0,0,1
220.16360175568457,10.316282838180744,46.028155255569466,49.53433564404917,0.7613834029443919,9.058463223211152,1,0,0,1
131.77532413116575,34.25766858003265,83.06795116093419,12.750449945573642,1.0811888781110748,4.124233881793333,1,0,0,1
48.60958134787387,9.658960080296303,11.24759223215741,55.322299081667154,2.437174000012158,9.533074047790263,0,1,0,0
238.33488650155184,29.45258186194585,68.44409382129601,50.25050976620125,0.701769647800148,8.661022580572727,0,0,1,1
186.90461830728967,29.426389347537658,70.19888779366168,17.999283573956983,0.7368322124061195,3.000190631688193,0,1,0,1
272.58825319011737,8.960590648414495,81.87902023209729,44.78595918062676,0.150874778037701,1.6348662216271117,0,0,1,1
186.8555903780777,25.92923203816876,93.9477645154282,35.069418687790694,3.690340406156825,4.382124491473733,0,1,0,1
299.74171010830366,11.65988592747889,11.812406405436084,51.96477877746704,0.1431752040565912,4.048892144161868,1,0,0,0
197.64832518332508,53.49411260055333,23.84053349618945,57.70889018859193,1.567077801207322,5.7784070880454825,1,0,0,0
200.7189103220313,61.861281557868246,89.75541646503937,5.764602074648856,0.7995927356465811,5.854693011661092,0,0,1,1
308.0622249038373,9.338988515476316,51.26667059683138,73.49053846545998,0.7803531115064737,7.512370494580753,0,1,0,0
147.18417451221498,62.306912437502085,60.81315750401171,69.17128626755667,1.7070521284176297,5.123404984645821,0,1,0,1
55.565177673217846,36.35459596020471,69.67244833508326,37.965774758587,0.1041758203188415,1.0929852773606172,0,0,1,0
19.78610994653525,22.973940677232434,71.11599440460736,9.764234201193643,1.3510165639430212,8.589998788753405,0,1,0,0
266.7466669290305,9.611724516569812,93.85663629848574,72.94392858065453,2.217823607858888,3.132157602692611,0,0,1,1
220.905247460178,35.03745608422507,99.72544756705028,90.96576444303192,2.6422477984464483,9.71440973005059,0,1,0,1
249.387121153736,52.67093266944492,74.81417148378462,26.61364364198128,0.2804532087299138,1.222708081363713,0,0,1,1
82.40781491302965,47.42518863600189,35.84990882846357,34.11721523633341,3.4156545551421464,9.584599163713406,1,0,0,0
56.36630169950172,8.013560687838426,89.17771620649093,21.543160053363344,1.6013075961243586,0.955567478481044,0,0,1,1
14.945186327079856,9.37411012207421,14.429882308668544,56.92425110103557,3.2037613641650315,2.3488095725732414,0,0,0,0
129.19976999424296,29.172396957958227,30.79727675870466,18.935725518270942,0.9962004130452732,0.5134704237610889,0,1,0,1
210.57201353057525,22.7174296428766,90.76471457173434,37.05745491152415,1.1714383551112753,7.065875809057999,0,0,1,1
143.362975333909,18.943059383362872,33.05723629954194,67.73117125408368,3.7706681878634254,8.510472428889328,0,0,1,0
158.74147348806787,21.86026993452281,29.858595365957363,55.41043847084136,3.452521403121671,4.369007264069005,1,0,0,0
317.4139561278745,53.20896459781308,22.43127638262225,39.781630789514175,0.8917480686657279,9.288794646672176,0,1,0,1
128.40685878792212,60.75368321791123,87.32005818822249,42.82246416267877,0.481160683307163,5.923475763968216,1,0,0,1
184.75642631433567,29.306161671653985,55.0052433271978,55.58997943609066,0.7492609637526753,6.318570997692905,0,0,0,1
276.44202433198865,59.36666012794982,70.74038827487394,5.527825509844517,0.7359569797409226,8.46192105692266,0,0,1,1
144.82454598923186,24.28974207487292,31.51597456675267,12.065888160824889,0.5071307473381712,3.0031620402657966,1,0,0,0
221.50947807747696,33.586219180627495,78.22363789100949,84.31322609867105,0.46915033179802,3.574943927209876,1,0,0,1
303.20366097389336,18.561739868959982,78.40049904658886,12.009109018216169,2.9606013432256386,9.06422159598671,0,1,0,1
332.8370120435983,43.42856253055064,38.13382224174701,68.61232365894546,0.1086333472105267,9.0145867855857,0,1,0,1
60.0049835158729,63.73886691048853,46.961436970925455,87.80343476981473,1.6979954293243635,9.766003623198666,1,0,0,0
325.0397925549081,41.20958576260272,28.87212496871808,29.3615243871558,0.284599523515583,9.023291248594628,0,1,0,1
177.31953964704297,26.46884504681293,97.8904920990614,38.34422933535628,0.6335489497558031,1.3173517585319408,0,1,0,1
97.80309202164584,43.8690467594317,68.10423193525705,56.20292652602446,0.0952774172594352,8.246056647063025,1,0,0,0
166.10615712100883,12.375240707923254,94.1089492643964,84.35380726747262,0.4720119473927459,4.12789285719046,0,0,1,1
343.2110755970622,58.31954481592392,37.30469892662198,89.77150285343781,2.1942517771000243,9.908473491662082,0,0,0,1
177.49015195757568,35.185037046790185,80.37018216972008,71.56069233001412,3.2444346246465967,4.74919559507157,0,0,1,1
121.7755474977528,31.960984522378524,78.92727794962678,12.795778476922465,0.3756317482786371,5.560669020897095,0,0,1,1
225.3562904676868,40.15188730721116,72.24900866798873,65.22387399813658,0.9341668350835962,5.321260406805145,1,0,0,1
91.64951038458564,42.487031767364144,96.90750777401205,41.92733496853958,0.9532348059394448,3.251283447089864,1,0,0,1
35.79353155694574,9.306548373590784,45.4199802495684,47.36308995419554,3.1021626757888647,0.7964697844845358,1,0,0,0
53.819105449620736,45.95703327340414,21.76455912307816,9.423355131065934,2.158271428397228,8.96172974249909,0,0,1,0
53.53558524564263,19.515900818931776,70.45379733196546,22.195592541172235,1.0794745916230624,8.036624334636553,0,0,0,0
61.64691579418008,47.83715795039539,75.63788204294856,76.1462246780283,1.6663941534774147,1.4382914665687092,0,0,1,1
57.20123870079944,54.352087663051805,61.75545161129332,45.85629497430738,2.819461002260316,7.778844299933224,0,0,1,1
227.89741323309292,53.237510453151216,28.613610382005664,32.1496017468034,0.0143771118824853,6.277174327203569,0,1,0,1
71.83922869570924,38.15005804447335,55.40103475024198,39.56171665684624,0.7734809699347749,4.120980689780342,0,1,0,1
127.5268763301135,36.21019353864507,38.09707629122165,81.89595619931121,3.5666608680544503,2.5775104335008487,0,1,0,1
314.908059368044,13.572557680364705,48.471987535002015,72.40991156644613,2.0224175071483392,8.604301395847214,1,0,0,1
171.1469576893766,51.52076902418813,68.06967182601974,29.50838574629745,1.1740872693004691,7.016873179975828,1,0,0,1
236.96963109714923,21.284562826802865,77.06932684217512,15.575165619113598,1.1313998170362556,5.500012099217911,0,0,1,1
68.58875620855414,34.80172536907679,30.90022218112088,27.679839947966453,0.6410372522580106,6.115206912289717,0,1,0,0
75.37826639494807,22.056445575651004,46.4792824582258,87.86808059492603,1.102581312904077,0.9561085117177008,0,1,0,0
23.89532953060281,13.029701779981588,34.224541389246625,57.34299540647798,1.597983303514924,4.765501621066359,0,1,0,0
67.43792144453595,42.77346181350419,27.87684524756822,53.01321878703046,0.812863204874706,1.9773179132177348,1,0,0,0
104.72071527086594,8.25992208937423,80.50484979962546,58.67542397232154,1.8784486327154268,2.1234176061378123,0,1,0,1
70.18356465409391,49.918714047572,91.83274249932931,37.94254391718637,2.962430164112416,6.629974424754323,0,1,0,1
40.15886147739891,24.055207715667,43.32089671161191,77.63963182875615,0.2520686406443287,9.116998710751169,0,1,0,0
51.01619617420428,5.008081580269119,77.61510319363902,52.09576243702248,0.9009805991733018,4.067378274259547,0,0,1,0
166.66478113112677,35.66774835423379,90.729576042797,15.5073112491916,0.7864238739833904,2.117105266471294,0,1,0,1
80.15346425796946,7.8111145116561875,86.15117894772084,16.615861234615664,1.7445572836601395,6.5050320255047085,0,1,0,0
133.85175275634566,21.57017346925397,26.453204968530333,53.31732318523565,0.4312580626113818,8.718311111185661,0,0,1,0
181.1618720906513,47.41858924734297,96.06626933620252,89.29131962637553,1.5335227147772634,7.495772071168783,0,0,1,1
244.7342417339842,8.761377297311952,43.90087963865162,32.75169095085789,3.1493346453801543,8.694134443839042,0,0,1,1
23.36612754597364,55.36030954136014,40.53165950564527,83.25870519732965,0.8122664599541602,5.388718976557453,1,0,0,0
281.7995356290745,5.2291953595149865,15.61881945500023,73.76860279209914,3.6289429936079376,7.531168631473449,1,0,0,0
223.48613242690865,19.80943215211413,53.75562886943947,27.303119861621617,7.478271486756886,1.443642365621418,1,0,0,1
37.79807086261645,49.454243369124285,19.811225407683583,8.27066734846182,0.168228709886088,3.515332422863755,1,0,0,0
307.01673219630425,23.976208983758408,32.36858388346834,14.166253862814449,0.3980067382524069,3.926014186591148,0,0,0,1
323.09661618081645,11.113543283960812,38.52483595905532,70.56445404626962,4.50503443846332,5.137392675148043,0,1,0,1
30.766506350653675,26.61403512802568,82.79436911425157,22.9702764236582,4.766877472625755,9.294309784555397,1,0,0,1
104.13840037004928,21.223597183071533,88.79397853563069,38.41438284548544,0.1542244247571123,8.749250774210633,1,0,0,0
284.10843512964084,55.56271412963329,37.22196857153227,50.15292494057824,0.022668173027171,1.388528648277386,1,0,0,1
264.40829473044386,23.800875055108587,87.28283091201165,70.29213516051465,0.2634956952786131,1.769257036230509,0,1,0,1
72.73714658116829,52.33594830656043,87.15078436328119,15.190810093321284,8.286992821567614,3.608523468409667,0,0,1,1
81.17876993448151,58.51232868864408,78.81858553463861,41.57297647497153,0.297675706764007,2.942901465612205,0,0,1,1
135.96051494906988,31.02904517459177,23.202560261366337,48.65656182284258,1.047383128298724,6.166970983904809,0,0,0,0
174.73781496494726,59.59658863126352,72.12905622106561,53.67443575743857,2.8299401123576167,9.03262167525722,1,0,0,1
220.20662232030065,27.63908323779157,95.0521658122512,78.6524577255695,0.0309188972039772,9.62480083964224,0,1,0,0
135.43063745372262,62.84470498940649,71.42864308904413,20.45103755388952,1.391364951613304,6.553349377725503,1,0,0,1
167.2618034852703,10.357371471534377,39.845516419705056,77.70483066439601,0.4865718846490048,8.389684053940812,0,1,0,0
264.1401189654772,46.22115599019457,55.052138568774815,67.3590584926987,2.974397211476324,5.275761892296431,0,0,0,1
22.472288982803285,34.62884242741572,68.11525390159483,55.02837327790634,0.4999842153671149,2.122853121257395,0,1,0,0
95.82856107696706,28.258928327338825,55.95133678556533,67.95750833623147,1.741157919672333,5.270649700330099,0,0,1,0
252.53885920074785,42.96271272491605,20.79576475578728,42.081596505649074,1.6822977657449465,5.573071884304627,0,1,0,1
314.37032481364776,47.23142549805987,38.08576401868186,17.455782737131212,0.3755670016707367,7.437452763924887,1,0,0,1
183.97033031932648,5.261796179018545,82.21564274982693,64.91887162388306,0.0531286743771668,2.237835747588123,1,0,0,0
190.9185849902073,15.017185324831924,87.52762414859657,52.220507601706,0.7895424621523269,3.71468830176298,0,1,0,1
46.438483855523856,47.78276303805912,22.357002944401323,62.5437320488498,0.5120318227275963,3.672073318684934,0,0,1,0
162.12020471997457,44.98312481469239,95.7148077158852,35.419890292564105,2.4830480453270414,9.59642397762459,1,0,0,1
191.0898705947079,62.96285030772063,39.59403560637484,86.61799196058523,2.416890771962419,4.467252355250853,0,0,1,1
92.43997123580807,50.66226741504698,69.60823648576479,57.863288171801926,0.9160351063096416,7.563184974616557,0,0,1,1
101.54269852278952,62.046362463880286,77.6642631361013,12.686223586178643,1.3990579196595678,7.520573244675668,0,1,0,1
138.2766154555717,47.152430092088416,83.07516111740951,45.48235916339858,1.3904949389405004,2.6921646387922515,0,0,1,1
16.824207244426965,22.88313251836659,95.1174732003337,73.07204492692709,2.6330673830064626,5.740103409248734,0,1,0,0
119.5069162982806,11.321895335051387,38.162759322594034,76.47211055590451,0.8300841550030895,8.948313788520549,0,0,1,0
81.89232237882518,51.90943180069613,87.26558090963991,49.51373474873829,0.4832998860856952,4.778217308596647,0,0,1,1
121.34909974049098,43.64895328855496,21.851821309258632,85.5272813748171,0.4618984328580598,9.453919198058331,0,0,0,0
50.71912481854541,7.891160743597774,73.45368157182335,29.09015934748678,1.1524278114689548,2.183859381775408,0,1,0,1
312.7792754515643,26.6030279540587,76.77799565625872,41.95388275144399,0.8944342147262301,0.7878831024516058,0,1,0,1
211.82143420837656,62.40798892905717,70.99509170811885,85.8737219512073,0.8700512714768065,8.919966037790257,1,0,0,1
240.89478850912647,35.02406874261207,32.70832625216377,85.6631044824421,0.1433419264906572,8.484427919724055,1,0,0,0
278.318221126495,30.96374816118228,88.5738832313683,66.71414919422128,1.9019871412985008,9.926269265541755,0,0,1,1
179.47034763587948,32.46197630955764,25.19726170333555,82.30824924099981,0.3606953101293271,6.809965206718639,0,0,0,0
39.552897949724056,17.53296344030982,14.827131236874775,12.98959402606094,0.3290142315147648,9.370044870338138,0,1,0,0
192.61622421830623,27.12243025188772,74.5718491550721,82.84954785869986,0.7984782356201913,8.278142799586902,1,0,0,0
209.5259801270989,27.1887953592306,52.79281437094603,33.85579158952041,0.3877254718685007,8.452042014544864,1,0,0,1
263.4494212226722,8.141301211248344,86.41882179628085,21.049836118539467,1.3150940597409897,5.712958626019969,0,1,0,1
156.764245718091,51.054057711075096,44.505742695243306,26.54328527078417,0.6965413833576948,3.8545277492712726,1,0,0,1
53.37730295049168,29.99026591423274,25.145072965694155,42.61716572124983,0.8937904043725977,9.348852821805654,1,0,0,0
106.48380797156632,54.3307932089854,85.27979732228827,27.60728041440205,1.1555909957860546,4.34956589737815,0,0,1,1
133.44798077553594,56.02088006719372,59.40186684760645,33.85108274148492,0.3413591232690453,5.411252704134206,1,0,0,1
229.6118620527444,17.719643281919485,27.02762131513193,17.14806374644779,0.2539628129630635,4.488837355895617,0,1,0,1
204.06462358743005,44.44120893020772,74.83455987278012,31.655908900309868,3.1856783829471675,5.669942223903961,0,0,1,1
131.07288680526773,33.3369082497789,56.00022746405505,56.505543308780105,0.8530097435211397,4.731525535973655,1,0,0,1
345.4151845896131,57.809404275289104,64.38816840162877,44.76683372819576,0.7967813157187842,0.5272772078657849,0,1,0,1
215.9634385813416,17.944440750587248,51.48085043859237,36.20468851123201,0.0543925973163649,8.826379450776601,0,0,1,1
90.65710919023812,45.66879201860265,84.58380854362058,72.18069159714025,1.033661931605051,4.471718498211909,0,0,1,1
44.60604069093727,41.46512733516335,84.6606444114745,85.41589742539861,1.2117254116727258,5.909989302648119,0,1,0,0
61.97210732267289,22.71808865430997,73.84499396419477,73.11103006121573,1.2275244476756328,1.434918637441971,0,1,0,0
93.62562765073277,13.196054219070357,19.486123965681607,34.88006319059113,1.8415335833481028,0.0837090874272594,0,0,1,0
64.63166690824893,44.09838562863659,85.4968475713662,71.99979510537983,0.2930770672037577,2.490636431754247,0,0,1,0
73.43278817744397,49.31584748793984,70.39116824796189,18.678216422664608,0.4359759799578383,7.060631019726834,0,1,0,1
106.932357355908,23.937640625801,72.73217494038695,16.728618928216182,2.496874754939161,1.036985574623142,1,0,0,1
68.94702240021664,43.68995624133883,42.66845563634845,36.1064333332543,4.411031615820032,9.093430031845354,1,0,0,0
314.90024437298456,28.7078544566902,89.13516005413061,77.69321321396514,0.219157011768187,2.189474565094036,1,0,0,1
37.27947352495835,47.79241299695706,75.28344402113717,27.171342251807168,1.0326859563790567,2.085706462203169,0,1,0,1
188.33387245388656,16.952916493643187,20.133141987627504,10.692806800881163,0.3615341277378116,1.8560042181338805,1,0,0,0
149.53492117648491,58.41290015817046,46.70002309655464,16.853858168571957,0.0929298681347814,0.1891180440650792,0,1,0,1
344.00872974892616,22.244575787934785,89.77423257641276,82.28704716766221,0.5906828285768693,7.729464411358434,0,0,1,1
48.0932267371378,27.06715926536917,14.24770315276411,62.040495627255886,0.2326800683380349,8.756593585890323,1,0,0,0
145.27090367555215,8.485517124820987,96.52749576778446,27.7881047032979,1.8564654020494444,6.160918891031178,0,0,1,1
339.6199473136254,11.690732739276584,71.12463114876064,54.97662427953632,1.1444708660136442,1.9225898177146297,0,0,1,1
304.2724228039533,35.95171416273969,66.82383798790389,52.48216601828153,0.23293731978542,2.888516069561753,1,0,0,1
287.8045041227552,21.055560603678288,34.350333083919224,63.98923805965951,0.0139268352291935,4.785470638781384,0,0,1,1
97.68696119527954,55.12881354453166,32.391260986525936,25.986879897945467,2.4766173080054195,9.545742218651844,0,0,1,1
68.10177971262237,5.881603319297231,94.7852397539736,82.7962688474958,0.2907310600791922,2.5111461495865406,0,1,0,0
237.33869477430653,27.74564292031617,36.84452088107105,32.84317058720116,1.3979315613917886,7.329876744002886,1,0,0,1
325.98783630337914,25.24073280614556,79.79547670470994,67.47184885786132,0.6162937763501851,4.422509821764557,0,1,0,1
199.29938362473607,6.159657855056063,45.38096183863713,6.45121817349934,1.3209725707967226,3.0135811161822166,0,0,0,1
204.348314419766,12.462103940030612,22.53286637062336,38.53914169047325,0.5689366443490637,4.586363573370031,0,1,0,0
105.1928918444966,29.81856049511812,10.964376792582303,36.653883616292745,0.1364298029903873,0.7585068395352637,1,0,0,0
271.62759728525856,34.5718750668468,58.983160331372574,53.9135985724713,0.378375887450471,7.996939340757105,0,0,1,1
73.59487450955794,29.257384835292147,97.82009366940396,11.546263559947684,0.3124906014411556,2.4708541834305224,0,1,0,1
120.05094037744286,36.85626070472563,43.2222574428284,76.11182363534975,0.8379751816666892,7.267850625770055,0,1,0,0
154.64838912958172,40.70790049434089,42.14731005937404,24.600272159081168,1.6106619937112328,0.7300662959095375,0,0,1,1
182.58752875271472,5.595429267670138,40.96824560644978,65.93340333938092,0.4593925647482086,9.553230633848576,0,1,0,0
92.41930902112728,32.845709567210235,56.84894535743726,77.28909109196839,0.0182150526852753,1.970499104786701,0,0,1,0
49.0445204113292,62.8099544532553,49.65983950818642,55.56892606173618,1.0976366962956765,8.83328365826045,0,0,1,0
217.61081443015507,36.14193680777292,89.1923164054313,71.6794886049787,1.3961911842354673,8.104258435673573,0,1,0,1
108.13438810168697,45.65253604753719,55.49687125511413,64.5674280993505,4.940014973303753,9.680206244610089,1,0,0,1
207.6209952836882,23.711831475013,55.69820543697119,36.99768174368069,1.3354623410839914,4.805012076410208,0,0,1,1
62.483323193228784,51.43948268916575,22.45344352485009,77.79726851302088,0.95563964931136,7.287603073767217,0,0,0,0
173.58763463063795,51.37528891256691,98.44655868193472,31.52312328969752,1.2778684263681117,3.738571037525951,1,0,0,1
191.0804070675392,36.27776285924834,32.497560178194675,56.40916259763655,3.944564956019754,1.8844639682959528,0,1,0,1
27.62000251962515,63.560829396752816,16.60276607136424,72.08579652273856,2.643692615105519,4.458605532687815,1,0,0,0
124.445454585933,12.533012885759202,69.68316240776879,39.10603188312568,0.5850788902668891,1.699202703115126,0,0,1,1
55.70099015925124,6.01685989337486,63.58297331411854,32.249084685568256,0.4062460145325492,9.82134399672452,0,0,1,0
31.547489960741032,51.20949270542576,47.36310885934712,46.34114091555404,0.4570055647368515,1.0076525868501278,1,0,0,0
346.5864790125814,53.42933224189295,47.99730104926103,78.61671449142382,1.05304287471792,5.912656648353573,0,0,1,1
119.6003072914058,12.212433747234574,80.6557528941788,88.69295868310984,2.044156533035572,6.283315359777856,1,0,0,0
285.3573115905759,20.934969977516364,27.614137608968417,54.05750715739011,1.0494096163675624,5.403891451596839,0,0,1,1
96.57782261967972,6.053141801997734,83.82279870504007,64.53195847912866,0.1053060431151481,6.638749562832744,0,1,0,0
241.71092555613595,22.598516646833883,68.38724025055163,86.29462600150228,1.9287545471691647,1.2059987113683148,0,1,0,1
268.4774723624934,51.38851243512029,47.7072796401572,13.869216627164816,2.4596147337734493,5.572434315842646,1,0,0,1
212.51717180666705,36.07763166275474,51.222575492548174,25.887072007954853,0.5126749900378322,2.9077650827172468,1,0,0,1
170.33590410705384,25.885735590097283,33.09824864674862,68.80100056264243,1.6365276196737302,9.404751829845514,0,0,1,0
150.0259108100713,27.304357694379817,77.69028994272773,79.13700157210697,0.8342364018106094,7.63261295172527,0,1,0,1
128.61521062461838,5.081217542928089,56.158726807474096,82.13261254975201,3.298951399527734,9.72651909748944,1,0,0,0
326.0399090442608,22.988031653914152,38.87690884748592,42.35964591694393,2.798679653782929,0.4236828939148859,1,0,0,1
292.4105986478279,43.78752449827583,63.64451041848552,13.040591206268015,1.1180255383379043,2.887075093048051,1,0,0,1
338.1091496266143,63.45166662898143,99.61610068461908,44.40033295696579,1.7640771187554118,1.9944547370515724,0,0,1,1
52.26105598508521,55.82364961903397,49.173605169089846,25.76611311863484,3.222862076226232,0.1609881437527134,0,0,1,1
258.494941569239,6.415697878731748,92.86222607007576,31.207680949696176,1.0269265208193157,2.461141015950898,1,0,0,1
329.0357553191529,58.91363628049036,41.05151559321095,74.50408011537553,0.5636790483873885,6.803821036028267,0,1,0,1
71.61924249632446,51.99190479791756,14.92594362324873,11.79743774232982,2.10160125029078,2.349334775238957,1,0,0,1
32.608730904704345,51.82256741425883,28.3817895731586,79.4823095732632,0.3728194574069016,5.114584282552051,0,0,0,0
261.98102075862005,32.47974554021429,47.68256289949158,43.49021772417522,0.7378368933032875,8.883790243901736,0,0,0,1
205.32085848117003,28.88031757727017,29.767143573511213,58.64575379905356,3.01182300594693,6.952891307473298,0,0,1,1
296.2217840978125,23.17494372999156,10.020433439642998,13.06870081121111,1.933328705417908,3.9765592455650176,0,0,0,1
57.52260805293843,8.941691537261946,92.35013839727743,35.36231705215516,0.7757963353419186,3.756065942175477,0,0,1,1
280.3908860323627,18.694121809621947,85.9491470107836,13.07308271133612,0.3626192092741105,4.584571349384422,0,0,1,1
78.55328881623313,19.79621809868148,76.80630083382525,91.53893505929986,0.6600112072854808,1.8115623385460684,0,1,0,0
65.64302057433953,34.0446241826121,25.10331360814257,77.65354843936254,0.5013308736249703,6.358307635789081,0,1,0,0
65.8503712965376,49.84666439580164,20.832721858898744,46.36694789208142,0.2905396711486579,3.673320550090824,1,0,0,0
286.9554048786699,33.4285897038768,16.084427452514483,25.1242293491304,2.039963126018061,8.531035225157334,0,1,0,1
236.16705503670804,8.470666966829636,75.16262698956291,89.0109594724867,0.4356686054858125,7.577698967575271,0,1,0,0
187.84224442150057,62.46738805929223,93.59271646190967,36.01369361542746,0.908164608307503,6.124605982716992,1,0,0,1
132.00236460199085,61.56345914564673,48.74822388217333,19.488598851863728,0.7312971946261341,3.6738121153626846,1,0,0,1
308.24818387645684,52.1113725889045,20.722660479644333,55.68479496085594,6.032537400959448,2.1388217251511694,0,1,0,1
143.43133652369602,64.47967409385323,56.11535386588959,89.93967083103345,0.7441327364525834,7.772711047850946,1,0,0,0
287.6438094203362,37.66893996801578,41.39487167127671,5.344726145029032,0.1250438530230118,4.88977053496131,0,1,0,1
159.30586891387426,62.76610101519236,43.73424319149979,26.43123589285989,0.1411788256669668,2.2862628798647067,0,0,0,1
138.16110600446856,9.536302437005046,65.91975617401366,89.46028763693668,1.3401572338152796,1.9919874196480616,0,0,1,0
167.3111271276662,26.94084489568228,74.68463019359821,20.397737017144586,1.3720513135667394,1.6957389997885222,0,0,1,1
112.4684772158083,18.52287608040595,19.95432389858448,15.191910647583788,0.813884684545852,7.78275390224567,0,1,0,0
264.1871892599254,16.749985048056203,13.203120772582874,56.3168494219824,0.8480380627907986,2.3284224937381013,0,1,0,0
180.9249326314429,13.448176933560564,99.48972724171432,82.5659440965347,0.0831621704604236,5.290090522075714,1,0,0,1
88.95231634991788,42.3448184939598,30.945551402399666,47.93988359245335,1.0902002459049844,4.542886291681911,0,0,1,1
315.85535491335327,51.87931134483831,14.844747241761317,94.51078310160725,1.054007013756442,5.817128447321425,1,0,0,1
140.5230152668919,39.69790396522164,27.0887796186328,66.12545295841934,0.242983284823273,8.777691258693382,1,0,0,0
194.80797277875607,13.81776257529258,13.50620617136178,11.666741648940295,0.1644534382486811,8.68408653131322,0,0,1,0
318.200517727946,53.66742619600826,45.26298051554545,94.3548918513778,0.1978519239916988,4.538206914657353,1,0,0,1
222.2409186107573,43.15728242982371,82.21616060061919,41.71048131021714,0.1597554973581313,0.2028941948104969,0,1,0,1
49.74533384084378,28.28994236761973,40.71200047819485,30.86622804609343,1.4112909045907618,4.293115866857316,1,0,0,0
329.5429220285816,45.44781773216378,49.97650661905299,55.2091265220097,0.3281347559965564,6.081625697370196,1,0,0,1
223.42073804428207,20.59429875456997,70.80280962106949,32.38768326387779,0.4343861436381031,5.599759353025714,1,0,0,1
123.86790898340928,25.71153250965263,55.800466306289216,12.781175640813707,0.2859639814206242,6.530794252712044,1,0,0,0
57.35250470555167,60.04915058791941,87.53011174191919,5.128550877125905,4.7492580095843895,1.5830535381071806,0,0,1,1
279.9685643519006,22.430270340285222,87.94321075411808,45.46250176282361,2.8925802379556287,6.4830242328682885,0,0,1,1
220.8247370156946,33.19929608947619,10.891962594203829,80.31770800039331,0.393011424946304,1.8673836065005336,0,1,0,0
191.3767712719493,58.40846824376088,80.02416758348792,56.50836670670689,0.5952776260322535,7.517713607932651,0,0,1,1
313.9234782373256,47.463281016051646,51.46602402175065,94.92865690490969,0.3533800501017003,3.423921751963665,1,0,0,1
278.1230518163405,8.732193569882165,98.99564871732969,30.816198108248,1.0155445303794424,7.113459562145462,0,1,0,1
61.5694591091354,13.83818265673822,53.490886828789165,30.24095582840497,0.0297080556355211,0.5262627091157654,1,0,0,0
115.9855030504864,5.4704954463150095,98.82063508494676,19.37745142105497,1.6692250835344633,4.108207254629588,0,1,0,1
94.48630753691836,42.855307413749806,77.9112425085163,19.765722943880167,1.110855591074032,7.06509349652016,0,1,0,1
262.9417394747102,31.8604055246251,32.37443961519757,30.666793640904302,3.433599254747421,2.3073616374983663,0,1,0,1
21.40102781016499,13.056491054136533,58.45554813582619,76.35560407461745,0.2693947415185907,7.963106095732364,0,0,1,0
203.76249285624763,62.47604726340623,99.29220755307244,86.5181111572803,2.4452972295109827,6.3262583443940725,0,1,0,1
269.2359531518348,36.7795834367372,87.17775469767314,92.75784527369132,2.355044679592844,5.8962396328904925,0,1,0,1
308.1003164989948,19.51359764677335,18.7630204412099,25.906068868680737,0.2040409387038355,3.567811099333154,0,0,0,1
126.30779456340854,35.03621426928245,73.57347971289965,84.31677910526825,0.7626408137549605,4.85039213029212,1,0,0,0
289.22748358848435,45.77721996410647,41.10216272837317,34.542958034960336,0.2797702501462262,5.993625544729638,0,1,0,1
47.61479056477046,9.574353078413868,10.628403569231333,15.155649006519598,0.440993945683663,4.750998033453159,0,0,1,0
297.7937791897362,21.48222890287352,46.31328721242996,83.30224329681491,0.4582521981411198,6.9982175732085725,0,1,0,1
53.34614519287402,53.41792945303962,31.127897955247416,62.24950711792568,1.2186949159682847,4.365284484414247,1,0,0,0
145.07767879052489,32.57989222415968,83.69823434684244,19.82578064729556,0.7950405237496354,2.0626181583332017,0,1,0,1
281.08042436504826,37.794628521937696,40.35975479611889,43.68481317617023,4.427079498532258,2.17864113887042,0,1,0,1
60.97192529858309,30.96896013256816,84.47713245584353,30.85319253893609,0.2026477446020118,0.1077474999872638,0,1,0,1
87.9454743790981,7.633996558580307,10.053814495131578,71.31151118391773,5.456830994071451,3.0445292698087907,1,0,0,0
255.5658732536425,14.944986789209356,37.70372350235073,45.80746075618413,0.3932917667324146,7.501730522761269,0,0,0,1
254.8124224256653,31.73249832451345,31.70486928769857,94.03519505957463,2.223375103969491,7.951918952934214,0,0,1,1
227.99019518100107,17.55112792447567,31.021062496174988,9.92704840336356,0.6209339140442589,2.0645520438527125,0,1,0,1
245.942471118814,7.998741719580725,16.136795778891642,36.9513739522622,0.2316185130670452,9.592487768870509,0,0,1,0
194.5263107381827,55.61897984310942,26.841184336945155,48.37101503989797,2.926722210200287,5.048907795127261,0,0,1,1
95.61168002836392,63.87155174984695,59.99946128970579,50.28201992734878,0.5541212578622023,9.173938552734102,1,0,0,0
127.5366377913326,52.588572439804366,36.222496555397,33.43422401470731,1.6131732855756955,7.082314554523229,1,0,0,1
71.74322371248473,56.22709530228002,47.565530409623314,70.63162241878112,1.2536003755062397,7.23821255907301,0,1,0,0
318.87319085343364,19.51862781902272,43.918019231246966,83.72723661400772,0.9572963497589256,0.8961840319954077,0,0,1,1
208.3532102204809,62.63761853079198,88.83144324999051,89.48473717800768,1.0272313287836927,2.23891171262446,1,0,0,1
146.28948169963758,16.815542267205704,91.4769099109464,77.45840391195736,1.976484647843048,0.1377075912800027,0,0,0,1
167.08197323900512,62.08578862170994,54.3661274490274,81.55221775759395,0.1377994833463723,7.1754700227435375,0,1,0,1
332.0763354680172,64.68915763795707,39.7140355284044,54.54907705579959,1.6547469310494276,3.477160969863674,0,1,0,1
62.13947705946727,47.70336834476292,19.612063360212726,79.32994037841331,3.39233893900494,7.87719253495965,1,0,0,0
209.31814288571107,63.86862390750932,95.80625914438856,32.3153518233157,0.0892877786271363,3.422415388373411,1,0,0,1
182.00215082071844,39.17238677402622,15.420425041026771,40.863088589829296,0.2273743128506279,8.202370835373667,0,0,1,0
217.89444004778025,20.572506990565422,36.78852498114525,33.52217124366899,1.891512973997969,1.3504476247957145,0,0,0,1
16.157462499085774,31.219753139937254,36.82595810530037,47.06486019031329,0.8624640589917258,1.7750629097372064,0,1,0,0
306.5221290410115,40.61365612272716,38.83611575261934,30.70216546147727,0.775136326397619,3.441721568860168,0,0,0,1
326.92021604442823,9.3848937216209,24.78581589451684,91.54502980290022,0.220952889708799,4.114449519378619,0,0,1,0
202.14528242033103,42.340595877034765,80.48452878313275,33.156016520510136,1.0601696472668904,3.5195929678876343,0,1,0,1
246.86128011814336,63.87067020573768,21.02480757693903,13.824008429984584,0.2029485358549725,7.648287973606036,0,0,1,1
323.64978960028054,16.406458987023658,67.14159932378465,52.41354494453721,0.9711725597438384,1.0146663566358112,0,1,0,1
250.46113566655552,52.555706977303,21.14614240352357,10.138917060065872,2.163442067946389,3.544609345402956,0,1,0,1
61.86327459084886,59.47392762677716,16.34820738336609,14.948884967772248,0.448143565158925,8.380537995178821,1,0,0,0
205.9380424567165,61.62209556921325,91.84865533172888,24.745045027662165,0.9831592099607128,0.7146309187586113,0,0,1,1
216.283115770171,62.60813626432683,27.11158896868351,46.791522489392754,7.245467860377984,9.426317901330007,1,0,0,1
154.20442824281125,36.28757832328832,83.91251391037339,43.99258390781251,1.74065378005561,9.863852580606528,0,0,1,1
260.3910401124058,63.63847447949022,59.01677839964222,76.97226758025121,2.761646163960489,0.9312533295595468,0,0,1,1
327.6847850214651,50.438612428066335,17.007086764789264,71.5527188495702,0.8038244461035415,2.9481615964445824,1,0,0,1
324.693294388304,14.700286174217714,95.99033722942607,43.36864645916312,2.190627926460984,3.755386627051793,0,1,0,1
163.2853862774049,33.614006388078195,32.22650502927033,35.033378681806695,0.0620287855597852,7.775094118094624,0,1,0,0
48.50093558585679,48.09987052232024,87.36808108173459,33.48219056553487,0.1967205263335154,5.979471780561501,0,1,0,1
344.84600764719374,19.840418949145,25.192900520610777,74.65955785646081,0.3404837661220813,6.461438719901045,1,0,0,1
295.2253493916176,43.43691101293325,86.85485939276676,9.686516559914278,0.7711262019642976,7.587222737044134,0,1,0,1
52.38531160911073,44.99602874279715,11.19059316147646,6.1539484559545246,2.803721119537657,1.223891044398406,1,0,0,1
323.0862400899066,14.761984628513954,56.06024109125326,76.59899527339833,0.6375822236683051,8.34043409625711,1,0,0,0
305.7647631011236,38.905118747165375,79.24983214794011,47.94317383901444,1.594670211735691,7.070917051592432,1,0,0,1
186.4049394228645,51.29761465871646,94.1315965743505,16.779302469821836,1.8532689695354512,5.794550165703884,1,0,0,1
211.03364815327595,34.933739872156515,91.82819225858384,26.20093411350512,1.3234948065061858,8.902866581091414,0,0,1,1
145.6609193158443,5.7261870065664455,83.76623825928804,88.92535577876443,0.6629804053109607,7.01804822114388,0,0,0,0
28.61895719949065,5.542308144757531,89.93722146951737,82.35526780624082,1.2907638168438993,2.0569146281787023,0,1,0,0
123.96706215960631,26.42176063820073,27.929771725336884,68.88065452015752,0.6284310983977848,4.325966541702884,0,1,0,0
282.97017252332387,60.57164410590692,35.576586614055586,48.40027073035939,0.1314016256975211,4.965726526010545,1,0,0,1
11.574887821564973,18.720606776216528,36.007167242895264,51.82912635722472,7.401340397241164,0.5994153861665362,0,1,0,1
123.38971837498902,43.06182133230123,43.93485379015289,92.77200817555628,0.2040431116918444,9.548643257932556,1,0,0,0
145.3773558209207,18.324552241599235,45.398860334666985,91.91933994958583,0.1126485454465659,1.329343744928941,0,1,0,0
192.71450499889377,24.30019937957292,59.00997921892079,24.374214120725085,3.162141192188913,6.989739608905931,0,0,0,1
322.75090958033854,55.88252537608904,24.389178702979727,77.99941096747864,0.5389489931380912,5.086998809104257,1,0,0,1
127.75763808442684,48.73168653619681,72.21219974073904,22.75183995503152,1.5760064730437846,0.3050408863500047,0,0,1,1
127.96408864471742,10.723956638792638,25.080988537405585,24.218373009555624,0.5984920215552412,9.251237384850398,1,0,0,0
260.75042435731444,30.72212125918601,37.92776338940928,65.84837307481192,0.745024828006055,8.525776247748386,0,1,0,1
163.75409990253442,6.7501858187158685,55.30106175455386,41.45009887287936,0.4559468170694051,5.266366382643163,1,0,0,0
86.36563979959386,33.85340879618054,81.67965053711296,88.83899663958682,0.6302073639582254,2.32797624458748,0,1,0,0
163.82943548511577,44.746040702064086,76.55223099148546,13.010876140640796,0.7932308503578689,1.2601477622669377,1,0,0,1
57.891386929131954,12.110157415889091,68.09809207694701,51.037307672854375,1.9116791129880133,3.665755170349659,0,1,0,0
69.97157541211593,22.33309633454994,24.019593452215314,87.66693773988091,1.0747348542654915,2.5915113964086003,0,1,0,0
179.44504273142311,28.870197530129417,59.234081105402,86.37022944315547,4.312004390242606,5.091577450012672,0,1,0,1
152.4346528315463,60.17186147936299,17.87018516198969,19.08762920741671,0.0641739884238459,9.66577249642812,0,0,1,1
321.047606363154,64.59530092537784,43.96268591169857,37.99739300868108,1.0489540986299253,5.770787257634932,0,0,0,1
133.21392569965525,7.694677939736952,47.216487726096325,60.72092600420266,1.3164157838029495,8.904814006106474,0,1,0,0
207.4000390945348,50.66047540972352,13.583029550117844,19.345539629426195,3.792291010120166,6.526244433082983,1,0,0,1
224.9698578926404,27.3034439841406,34.658928952297465,92.12199548411648,0.0756118827547518,4.778702939542644,1,0,0,0
14.452115240033436,28.5474911737688,96.00845205398404,87.32743958548943,1.2782129082939564,8.553345249197044,0,0,1,0
235.6027064856816,50.25589840082136,95.82693470467206,20.025516113102228,2.882425692283988,4.740112696221325,0,1,0,1
70.53222873571548,60.10558592872452,41.70943488272854,15.903991513488688,0.4154648285935857,8.692850296578092,0,1,0,1
336.76390793961474,62.05571567015291,13.879009805349163,12.686763452743875,3.134751219592629,2.951188857278864,1,0,0,1
60.54532743605841,39.627355162299246,26.118544539536337,86.8499297632968,0.0288406056308962,1.3316900839417318,0,1,0,0
150.97220206718808,26.42726955803017,45.29960140901861,22.42614288159147,1.9776991744699768,8.560378920411237,1,0,0,1
39.01888714673891,52.25294515152675,95.30017281723067,42.46564356899192,4.057130935826807,5.894780879737034,0,0,0,1
348.9372456276221,20.06008299573801,22.70791571834664,45.39662290868027,1.6059019063926003,8.896469362577154,0,0,1,1
180.7463035126225,38.84444173001106,78.7164259301391,58.91099397922108,0.8671297546883432,9.381380709574213,1,0,0,1
212.4309058888149,26.51470769149239,19.781428543722285,11.456180937268249,0.0688790342717742,0.5836024841959193,0,1,0,1
32.806002312065345,44.397864422472566,98.31318196521492,25.408275566046434,3.790728485687983,5.034644553495739,1,0,0,1
264.98655993572044,19.42393477361041,44.34548491982215,88.83413482270335,0.9531560091354284,3.780897263291566,0,1,0,1
81.36790165249916,16.495576744089547,79.77110850091505,86.75690965417125,0.0441381866975044,6.277291050847665,0,0,1,0
315.3384584098427,60.09434520052623,40.833197453001866,75.3161582665123,1.7559089381258102,7.946232412163118,0,1,0,1
79.74747776388244,11.108220976972214,66.49019894429279,6.746112105639389,0.9861988556735356,2.8418726489449706,0,1,0,0
74.83382502564663,35.3574744640959,27.281447626603303,34.43060916464919,0.199175195633728,5.5901439245130575,1,0,0,0
22.42688706835225,18.25116697778053,23.141891736726627,61.516286180861705,0.3617165395979919,7.10184937005375,0,0,1,0
170.50276133739973,7.335797799540047,94.42577256113182,29.767119059612813,0.0999962568270565,1.3875892742155531,0,1,0,1
202.0459853092896,7.161129097485583,92.588255011399,86.86280255483996,1.2810078458590883,8.149965714215105,0,1,0,1
32.34093740563981,15.51330632634964,89.87220461915942,62.05005156491977,1.4594086107643585,6.080790518537081,1,0,0,0
273.6793896763036,57.006221270360015,66.28901051499341,11.471604558480104,1.0570473518476446,9.497897499280835,0,1,0,1
164.11820381432938,21.9487246386216,82.74413900946504,86.81050299521327,2.54824107866709,3.428312745350398,0,0,0,1
188.2926915713772,62.02755023451774,16.21332432202374,91.19899923586004,2.9600172157692963,1.1260521262551266,0,1,0,1
159.85933395899758,39.897337579351614,40.131013770161125,11.994117655255296,1.4342026062265691,5.089686950317407,0,1,0,1
146.25944069761084,31.196851386125964,38.23328122814407,52.91242113751834,0.0192578133413683,0.9038171785089164,0,1,0,1
200.2777126447941,39.80533008016727,67.20807897573519,32.302785399275336,1.7822951334952095,9.696788907073868,0,0,1,1
62.78168361644225,36.00190311357606,42.03619961235765,40.35551688332621,0.81192522863089,0.4349153346590557,0,1,0,0
71.85556436839218,50.52657522543951,23.36561034793128,21.16860961598077,1.2505374606641615,7.547363816017714,1,0,0,0
303.0071111445959,21.949763958371136,63.68203678721893,57.02648918111713,1.5707980759019242,5.274768861515327,0,1,0,1
331.6792571254352,26.183023496018144,83.29455286021734,91.21814179240016,0.6467205066093266,3.717775492357972,0,0,1,1
136.925167535116,58.64565815199504,44.39111450139759,50.276534024444814,3.735153277950196,0.7051295368611138,0,0,1,1
102.05318886880828,61.78739078902433,21.90418435886336,12.462312325503303,0.2157620229179228,6.240560895527397,0,0,1,1
228.95984470126533,58.55349364918847,27.70193775815408,60.80012001296675,1.6698815770804414,5.872942277440004,0,1,0,1
148.9696181733528,30.16687963743881,31.37349746524456,35.620069500613134,0.0065536659528046,2.844788567022617,1,0,0,0
18.631360924517253,51.8219301804129,36.99078336950826,82.0332670632168,3.878439036437558,9.106705929032604,0,0,0,0
63.09188310450472,33.58014399806593,67.85155634556781,44.12103334848232,0.1790271222196371,3.075894573061227,0,1,0,0
253.4305578081152,34.85239112876613,64.08509360839471,22.355564804802103,0.1495386314620904,4.524767835391455,0,1,0,1
234.03414024945147,17.280806543437038,72.64718754103353,22.199506042203044,0.6074650154826493,5.460436436390624,0,0,1,1
19.212637451184385,40.467818195510986,42.62517860783618,74.18877626490443,0.7015684709657884,1.0473071878540463,0,1,0,0
85.47053505720281,16.16815386520088,84.15978866919805,28.90288384766239,0.3617704962740086,9.325009106175642,1,0,0,0
88.56543083994427,24.893881944031627,28.367889504018425,74.05100547433007,1.3196549408871587,3.7766347168878585,0,0,1,0
238.4435328235677,56.301812097196105,52.213667276633856,23.529857968993944,0.8775537426001214,0.853753178049719,0,0,1,1
16.701582836483812,17.424548552651313,82.08448493872872,33.95177318311785,0.05215984572797,3.903547178069533,0,1,0,0
45.396917874755104,9.269497110405968,26.21427829593573,46.89382751957295,0.5777264077771301,6.022015343571177,0,1,0,0
281.9714690268844,9.14045555676898,19.887680236670462,89.88762647241056,2.4945184485386083,5.160844084622228,1,0,0,0
70.70518509847344,61.44707123018648,89.53155709191907,88.85582822784421,1.7553309808808009,6.960692641670875,1,0,0,1
231.9336766696374,35.41522627771008,40.86366964832763,23.618468788005902,1.9357720023123115,0.6020652235757108,0,1,0,1
90.98214555588702,29.5647243090211,71.54831124181288,37.23971371187656,1.7965732536221903,2.881179072206958,0,1,0,1
43.81007353817736,53.65271486047511,12.281374383754464,18.44594496083951,0.5587122788131157,8.201344239559017,0,0,0,0
92.6785449398144,55.14955567463096,72.10421995685047,50.898657138214745,0.1574807481704958,0.8449421935240405,0,0,1,1
255.57075683092413,24.93146198693628,38.44911803922734,46.45242956252,0.4771442596432965,8.562085249224777,0,0,1,1
300.9367991561372,46.617083448427714,15.016676822869757,86.06841462056592,2.6737712106084475,0.9643661161672072,0,1,0,1
292.27475395277713,51.2673689511132,64.88314853933053,88.70048400119654,5.903766576053222,8.352819438172379,1,0,0,1
145.04240007027465,44.27904121195727,31.6723434465856,39.52106519065629,1.0213744694744182,3.63984459073333,0,0,0,1
237.1489464340197,14.095704488005962,44.8126517846692,49.25641487170905,0.0146215647816926,6.141480179409297,0,1,0,1
79.69466044137913,57.552985011023424,17.252273105786223,85.66126242315198,0.2263124973375478,1.5712268006975818,1,0,0,0
109.67022828874453,37.34567316416052,23.24469259854508,77.60370269705552,0.5830902611301723,0.7083787811655494,0,1,0,1
314.7541782971807,21.948345582200226,36.817951194625934,5.3290680210184345,1.2962070147129712,2.198585130000344,0,0,1,1
14.420653993650252,30.51369112626164,18.078355050414142,33.80536077652242,0.117094177954715,1.322145488191521,0,0,1,0
39.072900490519146,7.254265423934443,91.97436382176836,42.95968177425133,4.30648820769731,3.158438681912336,1,0,0,0
80.68132674964929,12.672008073345054,10.544233886558056,25.674465531490853,0.6813930865853229,5.168113302784651,0,0,1,0
19.020949317098705,50.93280503095165,53.54741969778803,22.961445430634488,3.655619159519176,5.9081566624718445,1,0,0,1
71.68804793053108,5.000698085321968,21.09227123192963,8.40060559361117,2.2747535708843203,7.909187668428441,1,0,0,0
208.23413072969527,29.99394970893753,37.69111805301537,62.90327525627845,2.1124251732646355,6.579586937821167,0,0,1,0
153.2843472014493,36.35061086513531,93.3453603836439,28.625926143484907,1.3998485761648494,6.107145335039052,0,0,1,1
313.50838176617145,8.278065200058338,24.552509794658818,9.711246058818178,1.4783961724197825,4.1472311734834575,0,1,0,1
287.9308109910699,63.38468977833997,96.92490877464994,25.78813794752573,1.524180006386641,4.764393927853379,0,1,0,1
126.21789957727783,18.56751987498032,28.52149392904796,77.17225575525138,1.4862037797752348,4.174482252432301,0,0,1,0
98.20396736663945,23.251923178176853,76.74094976201467,81.6340263481892,1.2102407488468627,8.429551999110762,0,0,1,0
139.09541877687076,23.23655073530164,59.20095384075805,48.47596206739724,6.448075182975526,2.338504502856578,0,0,1,1
210.70028045503463,18.824999727041,89.60308548370833,42.44636033678176,1.9767796401914413,0.106923268842548,0,1,0,1
101.14163787977792,5.088429325178685,59.85939299528179,93.00683241516036,2.2505146884302905,6.53063297740108,0,0,0,0
222.2106286687056,48.76068764527978,58.11032972406778,23.05081936292629,3.0890209657524683,2.064498727206372,0,0,0,1
149.19996174502174,63.01072998795712,27.59122003315599,24.382335456914763,0.3643303167662585,8.906645606282602,1,0,0,1
197.6960414896733,18.457608997102703,24.960642584649285,31.26804593327597,0.1312877055681475,8.597510980581228,0,0,1,0
158.28301990600767,44.78283150820535,92.48402360039628,20.54815864529786,0.9892623611815634,0.8134373506856486,0,1,0,1
110.118358244252,49.51377961752291,39.50543789650307,39.1429038383768,1.0825690638551193,1.1085646338700696,0,1,0,1
332.4741243671333,55.90552274543148,43.48740294666064,86.97508042907785,2.650732992826089,4.9769573428543294,0,1,0,1
269.6259700143187,30.357751820816546,78.38412925855495,60.38130565657168,0.8798967218595084,6.111765494555078,1,0,0,1
57.63847976059387,23.175854338425754,40.49411341805266,42.075189375103726,1.2689337313928108,2.785337957948295,0,1,0,0
305.2791118052904,24.517708041381866,95.68562019751025,89.09697151140934,1.1232148161798643,7.182137281158737,0,0,1,1
175.72660740483462,47.75727998591077,76.41349920989202,9.361780922824009,0.0584274666947923,5.969414408142771,1,0,0,1
314.1477571439911,54.00676799033816,63.7686318316078,23.924856011167524,1.432605410264819,3.281999891998119,0,1,0,1
281.9507870220872,15.89683806539616,89.28056444902772,55.92997445915831,2.640768742978437,0.3024463060210401,0,0,0,1
154.57259151953937,27.256460489465912,14.464531751453448,60.39973608738613,0.2570734009363659,7.51399529892025,0,1,0,0
17.639564828839916,59.116411804949,33.13564229702879,8.560175590635183,1.353329298012049,2.1867989749595727,0,1,0,1
101.35030219088166,53.40161118168435,51.853270079881895,41.2734882116419,1.350664993552227,8.353013747453153,0,1,0,1
194.1556329846948,64.09150416574855,30.42806855243689,63.42385683477855,0.2690219088717303,4.231888087539839,0,1,0,1
225.38259474089008,50.254895580924845,76.95146685719368,67.82634917630614,0.1976655250589911,5.791920554186065,0,1,0,1
97.68181304728876,28.59171206167533,92.72872279483526,62.43259122646423,5.871935299041308,8.735839867569569,0,0,1,1
57.3810651847602,40.438270039678265,48.1393107937831,33.85069019248321,0.7506179757643763,8.643048859153536,0,1,0,0
293.8762805117617,44.66085525483922,40.79193401007055,13.416811123811856,0.3870329299533435,3.7466197736735536,0,0,1,1
344.6967414392077,9.707348979027437,96.53956589238096,43.44012017774007,0.2818900343808175,2.128444482512689,0,1,0,1
188.7346619829132,37.669817546231904,50.03671895447867,16.587899363124993,1.6521320567975293,7.762703473399516,0,1,0,1
68.37095718842319,47.559249708356575,54.01435604043549,90.28612926686004,1.4102808537663856,4.359148025841205,0,0,1,0
102.58449101658545,15.039278240063624,41.648488510771486,47.765377942036544,1.5473508860332326,1.9608178359120905,0,0,1,0
16.25283002613869,51.83790304553343,91.85936257109245,33.55332569211808,0.1381828470646206,9.049032156055643,0,1,0,1
320.86159423056966,40.0263668308467,61.20599349536657,73.96736640070101,3.359902611379444,2.021136732698819,1,0,0,1
50.03536818264799,62.13330714185568,78.59571284634802,49.81537333240375,0.7396416243163404,0.3067813235027491,1,0,0,1
206.0156016748462,7.545337892413501,83.06260465157978,32.9030621611205,0.563938261324505,0.2517857389858287,1,0,0,1
103.17877503365004,20.919568253328016,40.76641377255324,78.07709681517215,0.9308531694534184,6.242037796719929,1,0,0,0
198.42052085536977,41.09323275798944,49.03248981883421,83.04369359010097,0.7416069482766676,6.633666854139427,0,0,1,1
231.48293203963385,22.79359473235584,86.36245969656382,65.57073496598093,2.9879924236459843,3.1448649653169896,1,0,0,1
292.1122132604485,47.86544984427453,42.69298165082292,9.226798016690056,3.9731368214461775,3.234109343008281,0,0,1,1
80.18323239860509,50.54031695131586,81.45416201066662,55.96905921498789,0.5424304777907578,3.42796445484643,1,0,0,1
13.738581743883362,11.150957843988468,94.68930903169934,73.69654207975535,2.9919427509509986,6.817577540250842,0,1,0,0
56.54111422339447,35.831267852406064,66.08893357612062,17.285271087522396,2.281612689054315,0.6284312207169445,0,1,0,1
316.00633822835573,35.53343333546336,76.74645587067,25.5803676246143,4.006297941809103,9.29470770927869,1,0,0,1
307.1226263712552,27.156846212932464,82.45875808370214,84.42455945613229,0.4230477222681835,2.264084389565592,0,0,1,1
213.1204547379048,60.975491754180325,86.05356840069783,6.810954966776663,1.290429799170901,9.996748392158818,1,0,0,1
214.17573254744207,54.65037919239328,45.55480040711164,72.74544240433784,0.4814334935370524,1.7566508031825103,0,1,0,1
236.11246934572685,46.832562914578205,14.613711325839835,47.63959632629806,2.606712458799863,7.726887250258155,0,0,1,1
69.62623473197286,47.859598144099856,46.16886441130656,45.20949429556462,0.0080076218755746,2.2729548220497686,0,1,0,1
320.90006161448633,32.70296862878715,70.63806068056809,5.638687924539846,1.2479904251662433,0.854425676350377,1,0,0,1
152.38197846330485,60.25967126579455,50.53153472027135,78.74584078698435,0.6214638740874477,8.755586577288955,0,1,0,1
140.26709960482913,46.675725635197125,77.40668357743587,37.384241057290986,0.5844253760335159,8.594575028949375,0,0,1,1
186.43201979616475,48.73886369934899,42.12841865217975,53.668906817048864,1.5530604718186969,4.065525404873533,0,0,0,1
25.968428703518715,56.70145422724072,67.12697269936265,65.95706177020935,2.8605984116965364,7.038841618277246,0,0,1,1
66.536345377067,21.44429536053146,26.77778243685772,68.23666187941242,1.4093213491996657,5.592806030204975,0,1,0,0
260.93142958496594,53.42425423200218,77.44324929804613,91.03820529434653,2.877750165864534,8.536913331053801,0,0,0,1
38.151547094543,16.714436177389523,59.112637193172326,52.82059579129482,0.4610051742696085,3.184806894720611,1,0,0,0
215.071717218572,25.72051713469327,28.36579496919405,40.97475958769848,1.099397865978062,5.260540379989902,1,0,0,0
93.41869729164912,25.13662725619056,36.27200561480265,90.83332638425372,0.8982195037003156,4.8794550934852765,0,0,1,0
142.36050877427203,63.71152810334844,77.3747837723649,62.7899211522969,0.0175698485241145,3.571362971255744,1,0,0,1
108.15587050203796,56.39223342487561,53.43411120953686,31.833532064890004,1.2206423140615124,8.919977892335904,1,0,0,1
130.9287235980827,47.07019169541559,29.44282963537649,16.381782086321405,1.6249545717622886,1.700485350392228,1,0,0,1
254.47560776264348,48.623405696923406,97.0544071333268,80.82990513186631,1.3444175002364307,1.5376109632309267,0,1,0,1
111.0213833118795,38.724367664154265,74.36125178351992,37.59634425147364,1.999300441400876,5.790249876461376,0,0,1,1
202.57757770094503,61.825440026511146,96.14213492858164,64.4422749227988,1.2706351725374183,6.592067588350172,0,1,0,1
171.8571367476939,34.77552517294169,48.43945408243089,47.37347774293083,0.1036236513993683,1.986461580529424,1,0,0,1
235.6481962233004,27.83106259219367,52.75903066225485,22.90368018155345,0.1857034948643318,3.9376385504335096,0,1,0,1
328.5221113704177,14.78212021589546,90.81596945665171,59.15179477584186,1.3612736826137308,9.4683102376385,0,0,0,1
259.0745130514851,52.17233913566348,57.254440622084616,10.461476205561407,0.48233238571996,2.5038433557722057,0,0,1,1
83.0797287208573,49.06663592453549,73.65510207151004,42.2008213884073,0.1244939310051588,6.700188986068071,0,1,0,1
20.60226592083679,28.06130231144809,32.6955589745977,54.1953445697304,0.842133329379031,7.414486467291028,0,0,0,0
99.16977506194053,6.511604837553762,50.205382183237646,44.24422767067212,1.2122398541532484,4.508880559678337,0,0,1,0
212.32649643808665,55.339839663080646,21.11048792293196,72.38049577258917,0.5979114851834969,9.378383568257853,1,0,0,1
27.48477658464512,5.685079007244418,28.53820322892655,79.51324590907812,1.911773719763812,7.379734515426965,1,0,0,0
178.76452404842036,47.221986777743055,10.084907374086798,74.41187666298602,1.5482705945613535,4.606349569615933,1,0,0,0
212.9265686317424,63.21542658356342,13.53385464837942,8.49316530306219,0.6070394219071233,5.714885257672135,0,0,1,1
123.64292287776668,31.25967968889221,97.95554408592363,22.4715893401375,2.1089653703584053,6.941503762079751,1,0,0,1
272.11014927357945,19.098404299757163,31.81183256230861,53.29467583373969,1.5691509120506506,5.942292295270721,0,1,0,1
46.24340606548241,47.2922606026029,69.69796385536017,89.13398363994212,1.5218702049592756,8.793040959069454,1,0,0,0
35.54684579017498,54.02768852093511,85.51897289196503,80.14610975469051,1.2092309511672563,3.601042189689992,0,0,0,0
257.58417710922515,37.78581896467084,59.55944133129079,80.82810575166215,0.0171825406656501,3.0338631135552587,0,1,0,1
178.46704751010748,63.02211651536877,23.783005007556056,32.288737438370745,1.7885960063247124,2.17769695047788,0,0,0,1
244.05681478543025,8.100123299477666,75.53047936025497,43.65031073708323,0.7075078286802552,0.4259405322427215,0,0,0,1
157.84129512527372,35.28773589827169,64.02262690896248,47.36353525843437,4.286820234740982,0.4779889455815505,1,0,0,1
93.77669130129632,48.10723683935301,75.81255304126375,19.163442501491936,2.555497380008944,8.707049171437363,0,1,0,1
288.49478800922793,56.75842826895074,79.27719605713784,7.796131722001069,1.3289859384882217,6.800011806738777,1,0,0,1
281.80139884945294,15.755336714467402,97.78693309162706,90.22126095144652,0.4358934327149959,6.622297533593036,0,0,0,1
246.1968000905051,53.00020890582088,61.6206952024039,26.66413270971561,0.3417016838647325,6.165696048402116,0,1,0,1
102.52934665818732,38.16242454311272,40.747700142154166,26.59540133512682,0.6241480521201817,8.499730489706344,1,0,0,0
210.6784267354896,28.7932209193978,68.36181012102134,12.504114839188356,0.9710220663869812,4.8286559103729925,1,0,0,1
132.7311249596091,12.902901714745614,16.15966383183635,88.56569767494007,0.5266049717797276,8.710587744155088,0,1,0,0
41.137904931055616,56.917745534534745,90.76575864894276,57.17634034457948,1.0851915424276768,3.6264780105132792,0,0,0,1
321.88661565716257,14.436392490782922,20.74429102043771,65.03331714128186,0.2711509138954874,9.27073966817395,0,0,1,1
56.51833451244688,23.58727155254596,39.50585540972365,87.04191985367473,5.70561499771256,7.001636951808338,0,0,1,0
333.0807002990728,22.402731917746213,83.41708425635088,36.10581520107105,0.1713068555146894,2.608912503443051,0,1,0,1
161.64196280570496,57.28484205145126,63.75811404976407,60.93565800242757,4.031139653042251,5.66264497080182,1,0,0,1
72.94519580513068,45.36217965253388,45.42719682496979,8.491950925599872,3.672769706845751,5.353654086808143,0,0,0,1
194.24632210864172,52.80088383148234,52.60920934375193,21.80952754080164,1.1177995082376917,1.4220932762168228,1,0,0,1
306.8015841979788,20.02807392754994,86.90926538819623,79.81212245809482,1.935986925453404,5.93286691221861,0,0,0,1
258.9564613792508,42.49244597641994,40.60039474539029,74.00915207045021,0.8591799987811628,3.182116955983731,0,1,0,1
284.23079027289293,39.30475898862492,88.26847163309542,36.55784223114322,1.491518595792381,0.5708702297555442,1,0,0,1
233.9863446816439,54.969822607296265,17.932098787902234,38.912956499679126,0.6245826860748791,9.48912876918032,0,0,1,1
245.37403193606983,59.36522362887563,79.91185934877677,53.01989901982215,0.5374980881190159,6.432829172189663,0,0,0,1
298.7265215322085,5.729406288643208,86.27928697492626,5.021690421662109,1.2949419453580624,8.775343372114929,0,0,0,1
94.88712301212324,45.44119514352756,26.36358875536049,26.71199024342251,1.0341202616505487,6.776757249881868,1,0,0,0
176.40448763866775,8.11014794718374,48.73118791349804,23.7408627747393,1.299595940338934,3.601987736794124,1,0,0,1
85.21121021866476,37.93151990464136,24.894979719729008,27.54346520747871,0.5066968931470425,5.151246319671673,0,1,0,0
345.80712271886,22.25796374262069,73.5943716094796,77.53152582800972,0.6858273639808257,6.773680265454411,0,1,0,1
330.9801754934485,23.40659597132847,58.1812991255491,30.170647089179884,0.1314412857282408,9.604510635754304,0,0,1,1
23.405115865292004,26.177510207141395,67.1791012037489,22.23691898451333,0.0805385267452748,2.57401111826088,1,0,0,0
249.89555865533407,42.277546942976606,27.683827026059003,50.383711471372834,0.4384533528247473,8.756021733309971,0,0,0,1
324.5844279213264,25.04299794012616,29.05712758471776,82.90805327354587,0.1157214999398569,9.24457416267798,0,1,0,1
71.3956173432934,48.96194303541682,13.734759295891571,26.72147334537499,0.1643451845360872,6.720634370856617,0,0,1,0
203.101378387894,29.271643134432185,38.98607816761567,12.068261851351885,2.5143958148150243,9.316102942643312,0,1,0,1
321.2660211799342,9.101192018597516,60.37701952003074,37.07642622646982,0.0594741749176847,4.008891945399816,0,1,0,1
21.54163271917161,52.025590549046434,87.2141422597596,72.288664210848,1.6135575840698202,9.532510951602406,0,0,0,0
247.1228908639256,22.14549947556236,70.02347027128127,54.56214902253152,0.4773309943533258,7.042689627801449,0,1,0,1
111.09866250666728,30.96601277595576,49.18566910597763,78.51140326169127,3.078272894611678,0.4679573858171784,0,0,1,1
324.29470642802033,46.12663299331409,95.7808102954724,91.36329328483106,0.9953600955415612,9.073384676599575,0,0,0,1
340.15980335622504,24.94736942892272,74.73206805182487,76.33962290764553,0.5470098232095533,4.870504449880266,0,0,1,1
331.0506062985675,8.395139368802937,93.7148682576295,59.3422770959378,1.0935935239259331,4.630253498539436,0,1,0,1
171.2328336635377,27.435262820768816,57.48291759449491,49.40074292471424,0.7217983402262196,5.68634272949736,1,0,0,0
303.0945013363666,61.66691496165821,33.30138473138256,8.606217771344,1.246205684169558,1.5363762403737178,1,0,0,1
297.1467955019239,43.50406383791349,14.75440177282498,93.58897809326372,0.1824599112436832,4.718202183245616,1,0,0,1
118.49416090270692,45.28874892003242,75.34763663354654,39.51330103175383,8.70897339230172,8.31971580634157,1,0,0,1
291.8312612112303,42.93692921825839,20.91726982049807,18.700539252518013,0.8315286744050423,0.2040504684182775,1,0,0,1
22.58259580326749,16.93952833756621,37.249761544477046,65.0037969856811,0.642096782279055,2.765525745227494,0,1,0,0
212.731758683898,30.100031846136808,57.92238170955076,30.58594601859134,1.857897349231361,0.0744231351162499,0,1,0,1
88.20300467781904,50.0563879017991,60.79749290017729,57.72004438379429,0.6785978433916172,4.186327526040991,0,1,0,1
50.9927411642748,11.082373853189548,64.05248772884224,57.80911170601321,2.6871080431558942,7.2967393294126595,1,0,0,0
36.16408855393111,21.67116656538273,24.96297973147305,45.11568388125823,0.9084483875468968,7.997779699690553,1,0,0,0
246.73818379856752,21.57914650795121,44.17636643394839,80.25067539905383,1.90708473396208,9.454638123213716,0,0,1,0
125.55748768114248,30.92113565567036,65.54748044052701,28.84703553998987,0.1705145222244587,6.104620899059325,0,1,0,1
256.4207023197789,63.82212445653111,97.28369781704065,45.37693324559608,2.8073653625770136,2.583537323196309,0,1,0,1
32.221155871640406,9.050152801029316,75.48680239297198,53.39229157318744,1.9961077711326265,9.245272093910154,0,1,0,0
117.19871486240751,36.1220596628357,93.0343381384562,64.72622486905696,0.356846753256045,7.764391751109741,0,0,1,1
193.42703940761464,15.761880920732628,78.59908524827594,75.55746654550305,0.2354825704954962,5.765563405881288,0,1,0,1
278.8458760452476,63.24059272458464,63.25452720031604,40.53265545904304,0.5703372947145501,6.971620146403413,0,1,0,1
118.37585099690376,11.798210283647853,27.282103222271008,63.14422496869364,5.598970300177838,9.24694773232392,0,0,0,0
222.80306798858308,29.216060141695475,70.00170867032617,18.55498577616672,0.4452488655024108,7.138320583305569,0,0,1,1
311.23243440030365,49.27309909007637,66.10416093639164,88.93832904882308,0.9135598491696798,3.715326350468103,0,1,0,1
219.3934839819836,47.27326568164672,64.22222534115397,39.47529257789032,0.0457200884356273,7.144630612776512,0,1,0,1
89.20622141623548,30.36371821363593,54.080728118941664,70.65692797787946,0.7593232241381975,0.4507677192171092,1,0,0,0
18.296265729222927,25.79145007716309,57.579094359034805,6.830697369395988,1.270566892708191,3.894834840214283,0,1,0,1
305.83361712631614,28.856742713172235,40.09982744062937,23.466842861432628,4.590393792343477,4.092914166863514,0,0,0,1
17.231599689131627,20.85657578951836,56.73814233780728,48.83742898912202,1.0907884256909464,1.7100404324873049,0,1,0,0
307.3985687126278,17.31997632240799,27.780031511063044,84.04272209591119,2.5647770788434823,0.2797005314901132,0,0,0,1
189.8386255692521,33.9823818535334,82.46569576243391,52.452963495560944,1.1882174473192162,1.377143304545541,0,1,0,1
329.2830174943847,21.11202536405644,26.719925922883704,88.6883434064491,0.0624600770492957,6.563483883180697,0,0,0,0
281.58630016304625,22.247699893835005,17.646966090051976,48.54172069245167,0.5675227820428435,8.03277372281869,0,1,0,0
349.29759758133474,44.40536380847343,49.26214237214416,49.14041870623549,1.2854398593806728,9.882624752633394,1,0,0,1
129.24201725358145,63.11223990199353,69.24766955554557,15.77721096504787,4.511524072656574,3.4963168559295177,0,1,0,1
270.8440182365832,41.21823203356251,49.39451424401872,77.23906197369978,2.9398805302423794,6.013823261497961,1,0,0,1
146.65651062714232,9.618768023897976,34.90787187561777,27.226887122035624,0.3888472128189868,9.374592419810464,1,0,0,0
173.15771090332902,9.535016831244018,60.23540655013967,85.96512404350835,0.3729032653945697,1.7120657243146185,0,0,1,0
223.35185749424585,62.08539325073396,41.230210187098,86.97417982973565,0.3369162542140055,7.190573584110289,1,0,0,1
307.0502188233552,22.83744741844001,93.95809211139698,89.89791006867347,3.8361946521993264,7.562038394834173,0,0,1,1
344.5883795277604,10.524019164948529,93.03806256432148,51.8207440192781,2.872581299765544,0.9353065818999168,1,0,0,1
271.2129607139362,40.942675229022896,55.21346379748859,65.93844063052799,2.236705398087691,8.619431382571497,1,0,0,1
152.0407059368935,42.41892669741597,39.50955946164326,75.06642920554971,0.7481852969668068,8.140395218752897,0,0,0,0
153.26138077420387,43.91028920712129,76.34191725609752,16.791315678541906,1.0529207939448004,0.3823599154454727,0,1,0,1
260.7779825402231,21.04412167145248,13.304164913475995,59.08614754977475,0.936360354573387,0.956289928056512,0,1,0,1
91.1842295612228,5.906641052868502,52.72921054392861,8.086811117298051,0.4383347666397783,0.5388125942239306,0,1,0,0
47.561198464674185,62.90092216726831,40.26910548433002,49.78094750498533,1.05488126535753,3.380698141403654,0,1,0,1
130.571533597864,20.05358274146615,92.84822965922992,18.935841345820467,0.0464568653334685,5.117425457265265,0,0,0,1
107.66125716238778,45.56157728315285,11.08027245454143,21.463063336587624,0.2120176867033562,5.346859893148556,0,0,1,0
110.74476095503664,47.39779219272258,59.75333881465141,37.85428100233414,3.265113221032259,2.713284259705954,0,1,0,1
89.42663535696938,41.60044502476914,76.65972229599635,43.91934500448527,2.089554155713281,9.120389021274727,0,0,1,1
24.31168447636304,23.77444365281889,53.65161887716371,61.08551820789685,0.8245274668795769,3.714214759225536,1,0,0,0
16.077137809360696,21.265775225843942,17.68627271464495,11.69855765946641,1.0920749743089664,0.5032240518552574,0,1,0,0
345.8256125102507,40.86009696216219,97.5215251025112,50.332258511370014,0.693050536920939,3.037259759836794,0,0,0,1
155.4428654701932,56.96573801670149,56.62093882384881,21.4362617227791,2.0251164667937624,5.334538754314346,0,1,0,1
140.67106003429177,61.80402373540373,65.27676198871103,56.65776575285677,2.3000157262592213,4.111807134752908,0,0,1,1
241.0800761156437,11.354348264225456,31.29488044367566,62.36641510350651,2.1613487949382155,2.7747330650376285,0,0,1,1
84.20632187412181,14.289716755863193,53.51482765961234,55.10383308975685,1.923505558322491,1.3566663351549582,0,0,1,0
332.98680254307664,61.68417552698478,48.62345427624896,71.44659594304768,0.3431848278962501,8.200686775957486,0,0,0,1
277.3573049012877,49.19211370008755,16.740625780178537,35.204831981681124,0.6186665632410111,9.96164515913571,1,0,0,1
40.39974078616824,57.97962948978638,19.55443181927205,73.85959324698177,0.951880024269109,3.328944228562626,1,0,0,0
151.97746376687564,17.15795804812059,85.37252676568971,43.94903735373743,0.6024927552951376,3.847129389557209,0,1,0,1
308.900224571136,40.25515226656411,31.58379569859312,48.576604849033714,2.109379525850873,6.199473370535722,0,0,1,1
331.2088875790795,47.06837566504842,27.546244434876748,63.32919145349643,0.5992697139364394,7.198492673618635,1,0,0,1
168.9165138249557,45.80671312681836,55.44203061251253,6.652254559930157,0.2231539301715045,3.9506938712957327,1,0,0,1
218.5598723316406,29.489101452001886,79.18724182262616,63.85947992782235,0.7638414819193203,9.054048693969062,0,1,0,1
66.79154167130557,5.923693501478509,15.575186672108911,60.67266341649038,5.861630656068476,5.622039692827737,0,0,0,0
346.997332886572,39.97556340825579,61.91271276744303,32.88624050779519,0.3840453057963743,4.531381260239013,0,0,1,1
88.76837847037075,20.186092350776526,20.728939855651603,12.721485640954054,1.4207384066841853,6.484393893941055,0,1,0,0
330.5288032059427,32.01525476857342,13.28149457430566,13.184190492173704,0.8510226678555775,9.530398290079273,1,0,0,1
230.8798606574053,62.45486090502904,14.746955694599563,88.09013722867057,0.1105094786714704,7.955795329495969,0,1,0,1
216.6305102588121,28.942119058546083,85.07476973875973,67.03513891032534,1.0037845186040495,0.4481306488244871,1,0,0,1
184.3140937456129,55.3880963998656,20.61752352652554,16.439235239366635,1.8168200744879552,3.356483611862598,1,0,0,1
88.42773598403795,16.312436344955067,14.063622797106277,37.105085237801575,1.079914430534712,4.731919615264665,0,0,0,0
70.01953088187281,45.34762988150173,49.41098984286211,58.32346945114368,3.0848309723707588,3.179449843480597,0,0,0,1
84.96531108385962,63.62041726633661,85.95941247478223,80.20145345815838,0.511491403403537,7.016866230263042,1,0,0,0
73.38900912904654,11.113586052376208,33.61675388403717,8.929483584170768,0.1352960415013119,8.271378041132682,1,0,0,0
275.05872101269614,5.499196533631521,47.95413557733247,26.2969818323008,4.136623742573486,7.326883697093452,0,1,0,1
129.04258811668825,31.01496755795686,13.593027930737607,85.0774091265842,0.7126963658419538,9.89386620394134,0,1,0,0
29.666510031554765,10.557528983082031,50.417066272138825,5.824899516543484,1.2884681561330749,2.76184909653564,1,0,0,0
339.49489424787583,49.90306098057388,61.98517725734203,23.125919251449865,2.3553483432987883,8.756145475492994,0,1,0,1
310.4872008875647,59.87291983091354,61.38163483769303,91.31217583756694,0.5880394656545187,7.677895518486137,1,0,0,1
325.4357762863724,31.04125836252553,39.918402295692864,60.20616618699541,1.88904085274247,3.653678637703553,0,0,1,1
348.268659699788,20.52269852932646,38.3979862596822,28.55042299737558,0.2182651631473894,7.354539209386838,0,0,1,1
69.12438473462568,31.064199140396585,19.59612570429381,11.029198495626284,0.5164712254461294,1.0855557663615572,0,1,0,0
144.72228642690396,48.40686907100006,43.01184885816416,7.537220640249994,0.2344731450526835,7.903868149288495,0,1,0,1
267.80108173939107,5.543249694822259,18.95452019856682,27.027057167323456,2.500843341465327,5.34668949574167,0,0,0,1
246.6470101382893,40.36723936908183,78.99363502408464,84.33372376300194,0.3777953936488835,2.9582872184570688,0,0,0,1
62.32460815555072,41.79750109324274,96.96468679733673,42.43222888677585,1.895603084793828,6.574984152752592,1,0,0,1
287.38326249681006,43.26129481375613,97.30670110000362,69.83000322493938,4.304929202063252,6.434118987208369,1,0,0,1
86.30979442446463,19.521324798852632,87.85639894378545,87.64565318419619,1.1254407028641007,2.134387916060017,0,1,0,0
86.09798903969185,47.84316340268761,64.07129344056571,41.723641544253496,1.1648883794235545,0.352454277374685,1,0,0,1
192.5713037837606,10.483489179906584,73.07791275194919,22.214963393365736,0.9271529827306942,4.364544739671655,0,1,0,1
211.59957784617907,16.956220188008047,35.66852224123727,51.54061377712275,0.5915432840310297,5.716643099976991,0,1,0,0
207.2293106648558,57.64820279926892,66.76933781553586,86.7275318353869,0.9684082100113488,8.772222519787455,0,1,0,1
41.105524715236655,49.323389043593984,51.00845944958897,77.39369727239306,1.3850014656025518,9.285757116693564,0,1,0,0
308.33669329432934,5.824733240680715,53.38156057992393,10.92468590268384,6.402144214018214,5.311611920659825,0,1,0,1
100.30401448016006,19.90257562218801,78.19989043376421,67.33155200698236,4.165245983434056,7.550344663497021,0,0,0,0
54.03507323615342,17.864388979589876,35.37265200375265,56.47077702130584,2.972415902963438,4.421067559663569,1,0,0,0
312.17434715545227,21.24837968221836,38.62356505250679,86.6716858711783,3.299102650557515,7.473517457900285,0,0,1,1
334.92150939811614,19.853586216793182,93.2177612015773,16.02332751652675,0.9462425096454812,2.0877751731447107,1,0,0,1
303.1233898702532,8.751577744570744,15.0601865365875,53.0632501884191,1.606981629153676,3.742094111295138,1,0,0,1
285.23546540645856,32.53643099580922,53.70708685720064,84.1516424160703,3.3816458810220977,6.360568588195466,0,1,0,1
232.7822734172674,48.96400848716991,92.15207203670757,41.90214080675687,0.748718068757157,0.2306717577904343,1,0,0,1
197.29150600710736,41.403903483046186,64.93267070363413,48.37954259595804,4.895907004783005,7.238490037872592,1,0,0,1
39.57549836987945,45.372300115884784,59.176636679091885,11.341460990026246,0.8062320467457067,8.36357823761826,1,0,0,0
148.87409244403756,9.86895071217435,32.47697613064197,30.03292764040197,1.3785015974909145,4.021459527884817,0,1,0,0
136.71409578418675,62.08944261060724,40.89479401580034,34.20559842520526,1.8558017701894296,4.507027050912784,0,0,1,1
98.3162864785109,55.30951003058149,86.68435742242237,90.06102038703982,4.511464783848165,8.520258011554484,1,0,0,1
255.96283865411888,53.30541910973976,60.32963185916123,30.44006244870432,0.4207941188371831,7.767763621494032,0,0,1,1
178.5977499267821,54.37902830250605,56.32679743811019,46.47818617426868,2.0564052109800253,2.9170874158820808,1,0,0,1
37.5557134086003,60.96263048796568,18.962174218602605,65.41739812078518,1.1035046370783996,3.273562260287312,0,1,0,0
84.86228866293585,37.655237966821865,11.442534080961082,19.596503516708964,0.4691042638304575,6.804838412286436,0,1,0,0
242.30797964426264,17.016921072057553,96.73166698183442,48.7798148427687,2.248233014445572,5.653821019859204,0,0,1,1
35.884492226702065,42.00701647115247,43.92875505581575,71.46851355283168,1.2051874961972056,1.6641842324101446,0,0,0,0
299.41035077658137,49.57288962007634,64.28917558895539,83.01696917243595,1.622516924041808,3.133802596830205,0,0,0,1
178.34981918475128,49.27504360124152,17.174356586855648,61.3633347196184,0.5849068269904454,9.004833604942608,1,0,0,1
173.3994362910603,36.2869414500128,71.48028571507419,65.21481637852531,0.9845690710514858,6.89733564538652,0,0,1,1
211.418646784236,9.107523160014685,93.93100378353648,16.365512532611206,1.440968482688409,9.86044446097092,1,0,0,1
290.3915284145507,27.26677630580767,61.80987276976777,90.11988475217125,0.7785659890285992,7.681774673308655,0,0,0,0
128.25513068674564,60.24599650780144,21.35037901378695,16.931666973603413,0.3316669388418959,9.422645599828725,1,0,0,0
240.5254918700816,40.06693458544556,62.3549374726129,74.72056434636185,4.891129294693698,2.20107631001123,0,1,0,1
202.34886775856896,37.29991659534281,78.97124917941872,28.83346896004869,1.0745240422244546,7.72627450442841,1,0,0,1
100.78961185760323,21.13121086293161,46.57748829166168,89.02338293311264,1.9859394827684609,0.2511643254705844,1,0,0,0
308.7341953607537,27.106935194994733,89.1853973147321,69.79635854325316,0.7941138351355068,6.724062216029762,0,0,1,1
281.1248473463556,58.72076534919016,68.38146580216281,72.8432341680532,0.6580639025499586,4.719358667296401,0,0,0,1
233.87362378386467,44.98778285161014,90.93240264602822,24.7153255753895,0.7842569723337625,3.5002627156046824,0,1,0,1
299.19778789204224,52.24322160513997,66.11547801226035,44.87359789716447,0.7894080713173857,8.630923305316237,0,0,1,1
304.8800283263328,32.260725384059306,21.81591748043418,60.60318751303578,1.1784863078970889,8.54996354194243,0,0,1,1
250.84341208311184,42.81483316736947,37.87225399946702,74.29762563859408,1.176150868340639,0.2719019637415036,1,0,0,1
294.5845316436485,19.90301652459245,28.161545342721123,14.356343832115062,1.031206428947505,6.114575968371838,1,0,0,1
247.14029696755645,47.32764981700917,91.7943847945176,91.61287848090755,0.2171672328233182,3.709930631993516,1,0,0,1
241.2478623985021,30.65608002220024,78.43600605587343,85.11986034991004,1.0279931715830728,4.185826964929468,0,1,0,1
220.32786859316263,31.55273088888473,70.87585320190055,29.33137314460259,0.2778757838011496,8.328805355226821,1,0,0,1
265.923657449598,43.9593394746129,37.08696876684596,79.04842187290988,0.2022454159364685,3.1329057267003986,1,0,0,1
63.92573579964506,61.1768372881356,26.564029484519217,51.64915307358411,4.046683185064483,9.43333566584432,1,0,0,1
309.49605812763565,8.840380796517255,78.08059791900206,46.56258334058168,1.3931144596417646,1.8373565724028005,1,0,0,1
306.4267994333789,54.484594240820456,52.67421512911717,33.29906952302649,1.6159664339202306,6.644088112513368,0,0,0,1
19.94407623175011,22.542986624731583,30.32105969355662,57.28717279684332,0.7707293274814682,6.737445416786958,1,0,0,0
290.7776951920193,31.63516727038267,65.49597803487475,70.6900205933238,3.59502872332537,2.559341856207786,0,1,0,1
53.81575494097137,6.314799726500537,13.630046692460676,41.98396144664824,1.5238786017805217,3.2812685592236592,0,1,0,0
123.94041044810824,23.062764670058783,39.35532287154282,61.62972737074629,2.199109807316177,8.356245001170407,0,1,0,0
262.79280713914665,35.15787455780783,52.17012951320212,67.93816290397734,0.6896343956156233,7.629962286801776,1,0,0,1
64.6583646564248,8.370564640846341,23.316250069846525,69.00096353137573,4.828759334198484,3.324504009131857,0,1,0,0
288.1087882004812,34.46574376298991,98.61890298317556,9.676948831806222,2.5760466608844013,5.362867642002592,1,0,0,1
292.92562050563225,60.62663773150564,28.818762813065284,82.37730251165603,2.8856935897651788,0.6637189477182998,0,1,0,1
182.5390294786843,11.323593086468314,21.7317817038939,46.24279832885431,0.2834651619298697,2.1270215298663606,1,0,0,0
12.171196383723418,50.86644368453026,28.318138649820675,28.6174473526593,0.4740466184018336,4.883914560660971,0,1,0,0
107.59296527947036,29.58026320255956,79.21550198437518,26.75880567317134,0.504524225569001,0.9054386660281554,0,0,1,1
219.7551522477524,44.31042287146028,48.295509334465855,48.47127015595554,0.4739355486459525,8.441156931174778,0,1,0,1
343.603300529324,20.61419587911376,60.88743457772842,84.81483855220633,2.9007606254075373,7.194161790571096,0,1,0,1
224.8165991856673,14.569535752481498,11.890824128772469,39.05128235143823,0.0486062783592096,9.439155022952525,0,1,0,0
98.33321756181434,14.627756856273583,13.09881777159831,72.4753172105189,0.1187271395678669,6.949995714342069,0,0,1,0
225.56193905386783,9.229516738588678,50.124299484431454,13.713685788849672,0.4801320194190013,9.406993654008746,1,0,0,1
193.59502910339089,16.13880229407458,83.49897188814612,47.84510319359556,0.3344771733457385,5.567399929125101,0,0,1,1
275.1474343513888,44.8531630993381,89.67149908368087,94.2517526353462,0.395674152173933,6.022175180066594,0,0,1,1
46.37341720116586,57.90143671061048,17.80359108360762,74.33940225131033,2.398809569702343,9.770861993531296,0,1,0,0
268.74948685068955,53.84754113546971,58.45267918909205,23.94756395965517,1.2421677215917957,6.43918501129939,1,0,0,1
194.0306367498775,46.10805859246904,92.19067176513434,50.129732632811965,0.0086810638390915,0.3563263601644286,0,1,0,1
337.4172813120581,11.62591180466616,44.917547895809776,26.026228728370988,0.8413972396174534,7.251837627473706,1,0,0,1
126.23653645315326,22.35124677775699,84.66092482855318,41.86048345362583,0.7860814240007976,9.059413486767284,1,0,0,0
225.0914436655424,23.58841251934814,22.03260889594926,75.20756213614683,0.1814648364734271,7.966023485453549,1,0,0,0
326.8895558734059,19.997416783857275,94.18550407010189,74.41023337613633,1.6911742171699633,5.859141062622954,1,0,0,1
44.85330751683095,35.900339582583385,77.62809857781724,25.529034011214662,1.8164819717581937,6.729469955280487,0,1,0,1
328.6576856603934,37.13322889278035,94.72009535082115,88.00009863393741,1.9142412644555835,9.902408303054134,0,0,1,1
243.88114558227653,26.41315851026661,70.89555101972559,58.331136448834414,1.955529196224953,0.9520877806679164,1,0,0,1
33.06460009575845,26.22734952418616,42.70635387994843,39.19318618658131,7.924249153249819e-05,6.6890860449007326,0,0,0,0
112.32761276191752,54.71333587436488,94.43630552722502,50.174202270277455,4.616090561005477,2.869807060977408,0,0,0,1
250.7785101393957,52.357570899181134,34.80100986782607,59.45641280939693,2.524697458732782,6.418899446032391,0,0,0,1
32.89920449938238,23.467749900844737,39.89552698555593,55.390147866120685,3.5148246677391466,6.095854580045191,0,0,1,0
207.9379564599329,59.82730663239556,73.07275762015664,48.77645319825604,0.0236504142749925,1.576895479476213,0,1,0,1
127.60023936400528,62.168901020150365,78.87846695728476,50.44395236804601,4.073945046816954,2.1071291251153794,1,0,0,1
221.11127604094224,24.60455252180245,93.64631354642384,20.87707193850976,2.489428228274873,6.2352143015299735,0,1,0,1
25.55229149625437,26.265496927583293,28.43221681505885,78.14596138742114,2.723025627103252,1.3258879756725526,0,1,0,0
306.32251409180793,35.33804920531753,81.81982316973016,53.75842879469138,0.1468945965432682,2.688549707546712,0,0,1,1
340.98624952031497,61.46724875202041,76.46914480572671,16.797187553423278,2.0135771537783187,8.360693199993124,0,0,0,1
339.4184707971351,57.57916598853869,15.741510062823808,73.95413914245002,4.825192847783999,3.304560484716304,0,1,0,1
264.8816227925944,11.154077755015388,44.85008270891863,88.91995805396158,1.7023574967547723,4.9061985548831455,0,1,0,1
54.22932164441487,28.563844596284973,35.44889113540887,90.25762093132658,1.2679147732091398,9.414346334701111,1,0,0,0
267.8094866158677,38.20227138498631,37.404138191862735,38.211595917005546,4.36790523126245,2.310133433927615,1,0,0,1
18.35955159599252,35.1879483530924,98.46521915992308,17.196518620467863,0.8776157370829527,3.926778872712203,0,1,0,1
17.522007519859066,16.63178407621356,67.84996721319351,51.65596639697586,1.3717893080150294,6.084254866658278,0,1,0,0
120.02747451084404,56.52900627008928,74.59085420141496,15.13483064142986,0.9703641021316324,7.565622348564522,0,0,1,1
176.13868473758637,45.61644697981024,97.89558735835082,89.05886766613555,4.051155128954784,9.021451197791416,0,1,0,1
271.9385220546497,55.274502491108215,43.94816042118748,21.52216646196314,0.1187023607676305,9.158956226356477,0,0,0,1
242.32042804621176,56.52585676096833,82.16561516075254,27.748927395604767,1.043083640130435,7.777568740007598,0,1,0,1
161.60692016809443,49.90135121994439,49.107786697404585,41.59728741964734,1.7421002332933573,2.3218918241034383,0,0,1,1
103.0330665357664,31.35263607498304,88.25803046334818,39.48480217032132,2.354651948539294,0.2968528339235297,1,0,0,1
349.0223300536218,41.63280530092548,26.259178718017285,76.51966031581001,1.31207066441201,3.868550607038456,0,0,1,1
154.9016427602308,14.621924367184588,95.29175593578516,46.06851384958661,3.593988404990016,1.458411067328842,0,0,1,1
163.47158827208966,45.41872504849446,29.68945375697917,20.36914340030032,4.2707472176827945,7.118357092011065,1,0,0,1
65.63209920516752,15.755195344356846,39.35984562828384,29.04889059374667,0.0997213666439421,6.628249338915881,1,0,0,0
280.235246574976,46.63697543060941,78.05730106961025,50.82020466687698,0.7721765226336494,0.4875178341334756,0,0,0,1
245.8519567657061,18.77588964523812,45.43796274088661,18.27085256835214,0.0356078476539357,8.374108102352963,1,0,0,1
85.06166834817853,12.053078009013198,64.7390239089802,60.04901080814127,0.5994109271506177,2.524995499597263,0,1,0,0
38.00955550938652,14.917069408577444,50.01161509624856,55.91725758960313,1.1546154584713948,4.35065940113587,0,1,0,0
241.36976270540245,5.1195281131442165,76.81329433808037,69.32320847440319,3.625226112244487,6.695940667784637,0,0,1,1
232.533812855586,48.12437707121182,30.549812713174976,89.3934153841431,2.811613000308437,4.32271692917992,0,0,1,1
102.90823917939116,48.94406294350274,15.26121885131893,87.10291049910401,0.2045884674535102,4.440813637859437,0,1,0,0
333.2936111651395,35.89600099479557,36.99364577257596,90.14680562619482,0.1464694780020231,0.7029985535906167,0,1,0,1
61.35968320550608,14.68176806332302,52.687779838158725,27.024403732133084,1.3347191030824086,4.044363315137038,0,0,0,0
156.99383235448465,10.013260250641384,25.12180469734107,16.840877597541915,1.1393086391172706,7.660236537538835,0,0,1,0
330.8294128569836,6.147737986237221,41.93175606907498,32.204903044680364,0.464641320942193,9.156004555006648,0,0,1,1
152.70728775488158,14.94489061791324,45.998471646421166,85.55766554896832,3.445696260074826,4.164296513780549,0,1,0,0
227.09882220578908,58.45133209898881,15.16526593194462,92.48481271611394,3.933491676842487,4.2646789774468346,1,0,0,1
145.18209530735007,19.492210502100907,62.49765233657841,82.33924559634283,0.7727812803802089,7.041139707920338,0,1,0,0
103.2331687985478,26.25627963303294,89.59090851741587,14.901594901478925,3.31504383304811,9.430581410997505,0,0,1,1
344.5524003063416,11.320729068879992,23.65686216577472,90.2685198253814,0.7266380325466758,2.707256355381634,1,0,0,0
149.17356214711464,18.34167828489021,63.80272120613626,43.10222246157074,2.002357548444982,4.429434855052471,1,0,0,1
313.9937292509057,36.15347424681231,69.82652844197617,5.837926168611832,0.9692299933276513,7.969933773345396,1,0,0,1
88.1845660029693,41.46516098573915,47.74012123773595,44.81543666733742,0.1961596400744658,6.116451015271682,0,1,0,0
82.45559936852833,19.721138849972665,73.0987828627843,9.146225270792083,3.9452635583768414,1.1503341224413497,0,0,1,1
20.585588180733865,8.463929553507032,46.96583891419108,53.94901290450058,0.9079698447535332,6.295940718844543,1,0,0,0
231.5667206278009,28.46197214764392,55.41735591796914,35.469862469334615,1.989137440719648,1.9081255317434025,0,0,1,1
135.29895686607878,19.05220225558005,10.661774009898428,47.60914402346439,0.6863392243549775,5.126648544080121,0,0,0,0
303.8818049454766,18.17323539378812,72.254810272122,60.18533246688053,0.0285920973331442,5.314577513221362,1,0,0,1
170.89136827512942,62.59176816280731,69.5208411050252,83.19209862360383,0.1589249651869235,8.7682234541386,0,0,1,1
339.1857654910054,41.978029155543446,13.45607895937101,64.57114188247357,1.028421871404063,4.651818026423759,0,0,0,1
73.07867533906119,38.41270659032576,43.14250966556198,44.06439816303626,1.7566020166508414,2.830452101247148,0,0,0,0
305.3318771049077,29.94650621139932,98.11286567125006,78.74850683033286,0.6113554685480692,2.348115164749514,1,0,0,1
274.04292994919217,30.73666000580865,47.86629063117551,86.5023923815819,1.783569437483985,8.748806173009145,1,0,0,0
272.1134271789777,37.45430023028485,55.17508646186575,15.77839697889775,1.7991526202396655,1.7515580014613723,1,0,0,1
297.2262975597418,46.78578842216643,91.89371423437468,52.87396797975123,1.82576897819894,4.28739218078728,0,0,1,1
268.74815692061964,47.128765770909766,74.55356882791807,30.60607637681997,1.017452446654155,1.9123724935231223,0,0,1,1
222.91490935468124,15.301634462326971,62.38631180118012,9.235507808925266,3.695648262549636,7.744375199138034,0,0,1,1
54.62325841201177,35.00676512459762,81.80242132069652,65.16920256025868,1.007655507076517,4.770007767747458,0,1,0,1
21.05890102702565,29.71748570204612,87.79296398103759,82.6493699713303,0.8974789305462589,3.5438797210402795,1,0,0,0
323.08826825733354,57.23161797616305,51.119926456354015,19.661238902965465,0.3335548116639649,3.642941424233344,0,1,0,1
219.66110693705093,42.88513527310258,52.75975284386519,78.11722918615105,0.551506528294449,8.529531356893646,0,1,0,1
280.8226789319,36.95024398495891,44.74458420866522,81.80561601832474,0.064885078647063,5.560050845229658,0,0,1,1
173.71759951426702,11.923678530735042,97.00355260166144,87.29063983998351,1.5057795920724404,7.192785118756072,0,1,0,1
49.88478424721412,41.33827335940469,72.74496288613153,28.87565801774472,0.4285974515442844,8.97553323669431,0,1,0,0
52.56316934886715,12.032234340814004,17.490075958726507,86.35577586709003,0.5439430654804133,9.022329676604388,1,0,0,0
243.09219765785028,25.23239453394513,87.66636609817166,33.8596479262789,2.2098354812933025,3.318665090661738,1,0,0,1
156.30400426581733,13.570517888859913,53.250394675264126,54.71042121099526,0.5945079838477711,9.526890068306534,1,0,0,0
78.17840707811449,46.524418821462135,16.18785157802387,9.545672374905392,0.4159955392114128,0.2975150260453241,1,0,0,0
177.14214589208854,17.375126830169158,59.47455296469799,8.949297953186925,0.2777924701257637,3.799513832110848,0,1,0,1
31.83103860554559,28.51156239128156,47.54478510781318,69.83358914589826,2.236538626624564,8.963198632212974,1,0,0,0
207.8702766508956,58.74048665712672,88.99744643763624,45.00319801800119,0.2083867347374774,2.78263695417898,1,0,0,1
101.4577575079332,17.25898300393822,28.359514324844863,28.06631378322958,0.9070281245243068,2.767160430697117,0,0,1,0
281.170094216644,35.46830383752675,84.38181485429647,22.13721464224192,1.0606565439096751,3.061091736564792,0,1,0,1
115.52306603401507,30.15629966996132,60.191982206690746,65.29581417732962,1.7441978886536826,6.142518179226875,0,0,1,1
164.7748506878124,6.087442462743784,14.914927289212214,5.036138962280589,1.5047492412472327,4.41141111736282,0,0,1,0
13.950983568754216,52.56548681436877,97.46607711929362,77.53020522771688,2.4967971510716485,7.281011621715758,0,1,0,0
34.631941850150014,9.142754378875985,56.135371969288,12.132464551693596,0.0686755406351088,8.954360893518425,0,0,0,0
143.44780917827285,33.45530125861721,36.17891688084242,22.23406534173075,0.5274047225678743,6.758283780681463,1,0,0,0
173.179203803822,38.640697696337,52.24661577903323,39.76127557691807,0.4930355406007434,2.084443865965876,0,0,1,1
214.00698636056327,42.70558739687522,87.207200516574,48.63728657444933,0.2367658217472127,9.330184928486997,0,0,0,1
109.1652767611631,46.31789775847253,37.44128119465572,36.949560423254766,0.5120003839056253,2.6817040898074107,0,0,1,1
246.29384128302448,20.196343011362902,27.340875683803027,33.86409484858645,0.5560854221841884,1.541448238515173,1,0,0,1
302.4416150443296,5.598726599506962,21.61641222377933,91.75244108658696,1.106854296374095,0.9451744246665608,0,1,0,0
275.14933622373894,48.40661974129472,36.80734585511901,62.74217131190548,1.6346474678564658,5.655668219628347,1,0,0,1
23.47040061844143,37.13939596085471,80.20432783360391,7.108965983064939,0.7197186001735236,1.1819365016824854,0,1,0,1
173.37236206766184,55.167062192434926,52.44637286757355,43.71583175998818,1.9066131486381883,1.430820046920676,0,0,1,1
45.67626066217946,54.28330177404165,30.4733443324186,83.75078297695732,0.6145832465958412,3.035303281925191,0,1,0,0
92.29530539325934,55.59957006727299,24.95664996487743,32.131056776960115,0.5143349014501482,2.8524474463604146,0,1,0,1
345.4652817108298,34.10567959877241,39.94565288593412,13.510071029694942,1.1686722909363778,6.062183127804815,0,0,1,1
58.448484586514496,25.01770375021194,94.5931935597138,73.2546294430926,0.0360031805226797,8.176615530753182,0,1,0,0
179.62197217346107,52.4934921554822,40.872404133102194,59.54124487424731,0.1247286326447016,7.625429079218779,0,0,1,0
220.1729496681605,32.07764678175529,98.93116683591718,56.32812570438535,0.8118487530188339,2.661720324428943,0,0,1,1
248.8380899849953,16.00653178420607,53.670741018882055,9.821890364666714,4.29476070513126,2.4908394549605,1,0,0,1
200.2805523855508,56.29844117368846,26.124752646113578,17.64491088159656,1.917569276958424,9.659625724564329,0,1,0,1
13.322088122522445,57.953592606340834,90.20260826141585,61.02944565918024,0.1383811213291042,0.1319506038400032,1,0,0,1
120.99684480295724,32.97858536841021,51.43198358213442,23.704145731295224,2.809304744573636,8.803219303949147,0,1,0,1
186.02195875080187,9.541983638587247,73.87042091540721,50.36630717735819,1.9768368106289649,2.0372987652679293,0,0,0,1
39.874609709243344,28.269565395015874,98.53404248882366,54.03935174264541,1.4160577181268994,9.47547901474319,0,0,1,0
129.21315661112146,53.2122595677562,14.51578152879766,30.515647124384547,2.5746409694170724,3.4559574840338207,0,1,0,1
21.28905698906464,59.10644171277372,18.702510380881044,90.35826399873436,0.7765484057958004,4.43150015023786,1,0,0,0
36.71668903270705,17.20836454985575,74.84110673164805,80.82176961520176,0.3755814563300682,7.08585010874659,1,0,0,0
144.95391390854266,9.018416721516292,35.36425029659248,70.01361568695187,1.07623170416873,5.89730706215894,0,1,0,0
55.12335637464052,57.64102718797032,26.58712572550892,12.019447976846818,1.1939056897589206,3.2134963305828865,1,0,0,1
202.96388840892976,28.36429633873252,13.542569183775656,14.551701737811747,1.1593456056953988,5.560617612884843,0,1,0,1
244.4180895066704,37.505657856053794,11.966204078758162,49.350321127846016,1.248868346804468,7.320533499410717,1,0,0,1
282.1994776970882,63.08394872304554,79.70370428078118,19.464201427188712,4.455240605265338,0.4712327117297963,0,1,0,1
78.05108304323544,8.993883674853372,22.0990084632595,93.04389171765268,3.4879459569149365,0.1614330872942559,1,0,0,0
66.94407796808372,43.89908044712573,52.09485543740358,19.26682106246685,3.127791524799916,4.607766043775268,0,0,0,1
45.553065713696085,9.446325354492023,64.53071336615346,48.87210519175766,2.424820767039712,1.361774347144966,0,0,1,0
226.38628484483647,27.52813570799002,48.55166205119616,37.770895115735485,4.308364517865087,6.660225700073908,0,1,0,1
250.2017470055464,53.228872711606805,12.43959871026098,62.54477793086882,0.1555339388597741,2.1798219394629696,1,0,0,1
20.739289240718293,31.008333965338064,80.5151352329118,16.61327680004824,0.4620787447203395,4.356868512616925,0,1,0,0
328.31216372285456,64.83094123417703,10.946190208748812,43.728478523815184,1.0249614589772176,2.016825821898976,1,0,0,1
27.67023644150062,38.54355709679613,78.57009049397357,29.72345295264293,2.811419172161738,5.507411678203788,0,1,0,1
194.040754002364,24.269729158157208,90.39740444093104,84.89763722045193,1.055298514822019,1.2047319208764606,0,0,1,1
251.0805766133116,18.206679554285188,48.95559289514551,8.652714092122558,2.067696083255455,0.2799131852354286,0,1,0,1
306.1295020736692,26.03123205716971,58.19882257880184,87.23547446058133,0.2244213119752444,0.558759799161637,0,1,0,1
252.7895569250255,27.35199642557305,52.92850533558884,79.96947246977004,0.436358519997099,9.544871493077334,0,1,0,1
282.5875482437292,9.122820663437658,45.02877567610949,31.7813644796734,1.9738997715024365,1.465747875178811,0,0,0,1
125.41306546455408,27.17445196560639,89.86820818333243,76.03615892093943,0.2700075789420002,7.09935861871151,0,0,0,0
287.0405386738142,32.85431118435349,90.45401596029916,7.80922043048728,0.6493067223713821,0.7258657320171211,0,1,0,1
37.23904777078955,48.36426513432828,40.223472817738106,92.01789952640544,0.4615542512459995,1.1261955047400625,0,1,0,0
314.2376630605794,44.40376908329648,65.35627786132281,52.39354483308104,0.6458552409108657,5.113318701522879,0,1,0,1
196.1814078922704,47.525939313749255,93.42168059312776,32.29529234589008,1.848167775099867,4.675465755035719,1,0,0,1
287.88124178724786,5.501820912611426,96.58526490472164,37.63248913352093,0.6879361681131451,9.518224078926703,0,1,0,1
163.78821673622204,18.06004397483216,55.80631363798428,10.976481811444764,1.2154093622377131,9.451112757556336,0,1,0,1
228.8164163668185,44.70105730399139,50.75423247558941,94.04145626378352,0.1579272395408495,7.807105993297527,1,0,0,0
188.9769047182785,34.03936209078483,35.08248843356732,8.536275063562321,2.4522696886073554,6.04091320976713,1,0,0,1
258.7404373968128,5.318808540100757,96.2984685871369,63.94164108330731,0.6927880358034205,4.576855158060459,0,1,0,1
37.75419389040046,53.26967854590934,22.853287402558063,44.846233493581245,1.568464129804453,3.593976416567789,0,0,1,0
30.51970855679169,51.36857439742025,62.18466184429525,90.40245963698436,1.9386028787202456,9.473521092406775,0,1,0,0
94.0150995634498,37.90514977961376,35.429524076677495,27.139976627611563,0.3529398196343681,6.04894267367562,0,0,1,0
64.24519123848404,8.987799546576326,35.110746131301696,52.88781415442102,3.2400013785998256,5.811771650475644,0,1,0,0
306.4064126413486,50.99090297195508,46.44717286385696,48.41205877244776,1.4365453283128795,2.3574161616007028,0,1,0,1
84.53275570173507,40.02281526388184,99.89136422340891,68.25797996450912,0.8398272332804765,0.514643287956875,0,1,0,1
341.7941869785046,51.91759862947755,14.946967615583986,11.120920875717848,0.3019541793442233,9.454626368607467,0,0,1,1
124.54456920217632,50.10481954375042,62.06876363831783,22.44102170210193,4.278771540580708,3.171665825504306,1,0,0,1
71.92009133415775,53.18012431747023,17.431494223174944,24.310833808356485,2.110163237106303,4.453760782078364,0,1,0,1
278.4974924284429,36.08048398427749,23.906874699146705,71.43356793575207,0.3498373518010849,1.190667438677783,1,0,0,1
233.96064367029788,13.4194710916109,49.56066475956088,22.022482669406607,0.6180793834042605,8.377397082597456,0,1,0,1
179.38654359406726,45.26944840278132,55.94141182117972,56.6142587501879,2.488527365498552,0.3249367369165097,0,0,0,1
198.8236073187946,42.22842710311824,33.29131675280716,24.37194384508584,1.7845017314186942,8.34820808288601,1,0,0,1
254.5286046125697,49.535191231945234,38.481141778697456,82.54624550755806,2.1772691433658724,1.4458358772402695,0,1,0,1
87.67461205264156,15.19286036304412,17.827031823033977,89.79669090406746,0.8729484360980455,8.871312920679964,0,1,0,0
348.7535314592923,16.698511994017352,37.28978054598255,51.66436774480164,1.890689144493304,7.311237741494765,0,0,1,1
341.4296751299063,58.42457103315971,96.99025954424896,36.70779957882604,0.732847174804278,1.6884691119476856,0,1,0,1
231.1107333579585,49.99866790712425,95.02366435052336,26.065199751574923,0.35598336259143,5.679889028951707,0,0,1,1
77.84443331590934,59.49370932201938,40.13904611232865,9.48029013707394,1.5022707057850169,3.1609303278344334,0,0,1,1
241.27760242663905,50.52291926983524,61.37685426508854,29.165006857774586,5.595422775476637,1.823419334170256,0,1,0,1
34.54745905291979,40.82931835941811,91.863585199985,63.88122019507861,0.5579025509174087,8.598862884140528,0,1,0,0
20.421850749974062,44.24796422167242,10.5565440376807,53.025523817828976,0.9269749417114852,4.065051526746932,0,1,0,0
97.61218209381263,58.3476754364006,82.96152133038326,89.96371504528346,1.6812931550400312,4.015509957935556,0,0,1,1
167.29180529136755,39.72840527071643,95.35325975100272,40.66495362425305,1.1697130332692949,1.740372414325869,1,0,0,1
305.2126518388493,42.94347945970324,18.219316090020136,67.4477008095555,2.781357009193134,3.8615034770534975,0,1,0,1
257.2374837205448,14.388602960216035,24.53029174296289,49.039047272760925,2.1516061859801443,8.722587620972059,0,0,1,1
262.52021720799354,33.43527320696616,96.467167249422,51.13185943317905,0.0900983358388865,3.663130669371877,0,1,0,1
154.6677337123456,47.98382671748594,58.37861292763117,29.09968831437057,9.676667552203156,9.518455446872892,0,1,0,1
127.6178974659674,21.256561898981925,11.277697102455132,45.94556991577997,2.093925972352206,9.465773547123456,0,1,0,0
136.1531794147649,17.135250831472096,33.18687988871763,47.37064973114365,2.991584604330763,1.4917416601080928,1,0,0,0
345.80085167025965,23.82960849346493,50.49493068419736,68.59782695740405,1.5798750414137297,1.8142469725503163,0,1,0,1
23.637125080244044,19.49003767957001,72.36180199222909,89.65759992675025,2.9098859972829096,8.633606999802296,0,1,0,0
304.7907086816325,17.89475822218375,75.98443403231197,34.638914973425386,0.178822360634961,3.957971143300956,0,0,0,1
206.74963891461377,30.49105057208521,99.58793616329103,8.79804217231686,0.6409630577589815,0.0935211237159429,1,0,0,1
159.12924252446075,59.47031083301204,35.87600794453832,49.666561295057576,3.136311292431812,2.775024606068441,0,0,1,1
256.58760454114645,35.4235788043231,58.439809168162775,54.001519893425176,0.3378220631466173,5.996408482295821,0,1,0,1
175.46744008439896,16.275222848919384,57.99911930736445,20.15964960187237,0.1222090045656795,8.002696361301682,1,0,0,0
306.9639009477646,9.618300162852444,46.50807335025137,73.441814564846,2.327595298841981,1.3772167400779325,0,0,1,1
316.2386337638279,46.76936870827552,25.22457044581781,93.64361975973424,2.7071408281422897,1.1498865759465169,1,0,0,1
153.38511513697483,27.96792586618327,97.97109068654584,90.11972453076147,0.2662736772968594,9.2248219030447,0,0,0,0
104.12145105991752,54.309856795121554,86.79854679999275,22.739543494128696,2.8897818219759,7.523926259834696,0,0,1,1
211.3991117217432,44.57064611844621,54.84997254648135,83.78269159106847,1.7412157445814953,5.91830702774188,1,0,0,1
320.2035375096749,52.774487032482114,64.29208804156269,68.40442727705162,1.1012121699289596,7.703408560459484,1,0,0,1
81.62514426192664,21.316762365106925,30.45349482036961,45.84619074262204,2.660144472333358,4.317100895001052,0,1,0,0
221.80863841158416,46.54153534766349,58.94083633525722,53.65498948922561,0.8151504220894235,7.596634685725808,0,1,0,1
224.730474831457,20.843719081623128,72.54731198093282,81.46401574842123,0.3234960570322271,3.749439763181632,0,1,0,1
259.25842762119555,61.344108767017495,56.36503255479299,48.21214456745359,0.5029000662215887,2.478740996301393,0,1,0,1
54.733012943268335,43.18245689200246,99.12566535264472,38.58866321946142,1.0552933821142818,7.303683541865038,0,1,0,1
253.3804879919101,24.470708010520525,65.02074906229535,49.392274372338726,1.1367871113833807,4.225739306964819,1,0,0,1
319.071057026318,21.17071173753636,43.387634133295215,57.12168236315442,2.456608143602756,9.814702188045638,0,0,1,1
71.09225701588227,16.45559510429861,79.49368248542542,22.0169888400514,2.35066518857906,3.5273775639656044,0,0,1,1
90.7647304741184,46.678457533623664,25.341626042347784,86.08169572402916,1.3061393702270114,9.221187834284104,0,1,0,0
340.27433197415746,18.12293677987564,44.60642323356399,65.67682539466524,2.276556750867942,9.332977358242442,0,0,1,1
71.53216392122653,40.71819595564934,41.226305533982725,61.994202560374,0.3193693295390939,2.4564368232942235,1,0,0,0
300.4909317456569,20.87810161552144,48.86263855969995,13.954660356257431,0.0770418299258079,7.9923007568007325,1,0,0,1
177.37447119233184,44.71813668763212,80.36018433358537,59.375654435533264,3.1028571258175326,4.359091326188422,0,1,0,1
94.0585652970802,53.89638371243235,53.575572894706674,15.88645960146431,0.1178417608947519,9.179371035941964,0,1,0,1
306.0549664326539,51.68151458867919,81.46130052393664,12.082790767585916,0.4249145472628739,4.528736512720625,0,1,0,1
161.40378670090627,50.6510798558469,61.88400128258793,52.4579806078154,1.782734679017994,7.455821987506792,0,0,1,1
185.03790033609465,16.263344341535124,40.78624911917999,41.25069806418455,0.7900462209584566,4.696325721179789,0,0,0,0
132.13934559592033,10.303096819071122,82.89808693151252,57.99292431406009,3.135013409695748,2.316617519342919,0,1,0,1
211.6032894878753,46.93692970924314,31.446070349778243,13.029995125151473,0.5306896392572332,2.0335337829996285,0,0,1,1
65.59811667890774,27.10083282766108,30.194468181981595,43.78847565625325,0.017913560684888,4.283040382850638,1,0,0,0
142.96772246159864,30.94077358420084,55.40526316493522,20.73080435406422,0.5364180183339015,7.567171837291438,1,0,0,1
339.6001895939977,6.868945567603464,33.476432136588,93.83900773317048,1.2943917336480713,6.070461277548629,0,0,1,1
97.76536711838337,20.57458695650295,10.81783314560947,55.503519119165695,0.70725923718357,6.901861434510405,0,1,0,0
233.2904659440393,7.020584232467842,68.34677745689214,66.86931748467805,1.148166400948176,2.859147189782827,0,1,0,0
120.56462183639626,57.751146356074855,55.99844393251582,34.287645261434704,3.138463384767375,4.840281692278174,0,1,0,1
272.9808627334442,19.60380099311183,50.09660330438451,13.526502330140971,3.653918537113413,0.4917328864448035,0,1,0,1
54.49704464423894,38.44023017438048,97.0271663156484,92.82837765051828,0.4638163750997382,8.184447538783301,1,0,0,0
339.7391553267052,7.338759239667825,61.40792655666223,30.76331318448649,0.9302367834686448,9.899427014286752,0,1,0,1
164.28844407043735,45.01084347833948,87.7088420010446,43.14273666562168,1.1949109721020956,4.0984466731154745,1,0,0,1
90.25715753779777,24.38164074524564,22.55052125846441,63.48775295323175,4.467205676934139,0.1590883486588563,1,0,0,0
34.988894092204305,58.87515121745995,61.22858168164849,7.222756791750015,9.875596544675108,1.739436763531926,0,1,0,1
67.71768772976385,58.28709133604215,88.11816640578127,77.92332174655583,0.4026179074976452,6.542642433616667,1,0,0,0
186.723142509046,24.517437101704868,62.47951815519082,53.29203710257583,1.947314632771784,6.140189216128398,0,0,1,1
124.58107998663736,59.05765374142808,74.62127603143014,30.039546836193992,0.7122976901574439,7.889253959876162,1,0,0,1
291.8203444000872,64.76946040992672,43.483921103098666,10.544718676322232,0.0122118706312733,2.576145909062628,1,0,0,1
156.501758045014,54.52493984743688,18.320456533335992,19.62485739269973,0.0139433893516636,7.648137559693983,0,1,0,1
94.56285267979416,55.69228086531374,51.21102656143643,85.55304729680932,0.9258522769233684,6.895441014160514,0,1,0,1
219.8292954453702,19.940524166545394,45.50314517549717,66.7421801542302,1.0051274924079052,3.2620042522527406,1,0,0,0
250.3042537410516,39.60214393146538,88.03541641410526,27.491154947320087,0.034242435760558,5.477607073166771,1,0,0,1
66.79424868632296,9.035354838042071,31.9595772117225,10.904068845052658,1.741980330053658,1.5153743945583509,0,0,0,0
66.990533538028,10.695076209300185,97.00608047815972,67.15537811479726,0.5222172618149684,4.553016809184046,0,0,1,0
22.46828515740461,64.93355672199743,96.23243078240463,56.51669533709886,1.231106445784497,8.817913528578627,0,1,0,1
260.3766851223178,24.59835496555465,32.28684787642948,41.40675720124115,0.5369831524394767,4.240854229262638,0,1,0,1
235.6935393914137,49.89103472293078,41.324675992958845,37.72503042710574,0.2743243382345141,8.40368872943045,1,0,0,1
171.37449775493673,53.39990318160899,90.60001667864964,24.513284833619743,0.7842808580584774,5.923020984333959,0,1,0,1
297.01795264952705,56.48139626043376,96.99599988064968,65.26501308837658,0.3964823294026567,1.9591732953684493,0,1,0,1
283.9278520030181,64.85769784412939,49.90951925524397,92.36012250144834,1.1479349375070664,5.832007134744068,0,0,1,1
209.02048389489573,19.48978911541208,38.8897341076808,20.81437212531433,0.3325204279026588,5.084534125112781,1,0,0,1
305.21223537450794,7.421049611581982,57.34846119263878,58.740495801395305,1.0651530883500258,4.016481285204021,0,0,1,1
79.9860114125012,29.67149107967516,71.89922857291613,43.17665501713786,0.2568561467242803,1.2403228731848996,1,0,0,0
48.05267059522748,12.804840189736815,34.61270638374818,45.20198495701984,1.6674309904609546,4.196251205279936,1,0,0,0
101.71486791577648,6.345553349723307,76.28258571571655,27.87325521150329,2.1032556897748624,0.7739856435842898,1,0,0,0
29.40953107036705,26.625609628489165,14.649162140317692,79.26213880952771,0.1754653113345376,1.032752061417575,1,0,0,0
190.5976395203509,52.024295064514185,14.43650434879748,48.6730043732517,0.946110678974635,4.188369502680524,0,0,0,1
328.4459353802869,38.97084147350425,44.76589346309907,53.906526697843766,0.1102626673785533,3.088545745586213,0,1,0,1
23.37680382729328,23.76667935262124,41.81258728546486,32.42848215175932,1.3676357070204128,9.259166042329124,1,0,0,0
51.51737076340911,44.26052032956319,38.40698938304371,21.36276191002548,0.4606119435341581,3.788272763533692,0,0,0,0
163.747669616368,18.921090818528643,54.1917786402019,12.731934938253843,1.1249714511918647,7.590688314617395,0,0,1,1
327.51750595948766,5.8628867643251015,38.86602240804141,69.27072268324243,1.0930403278526666,5.325962887344114,0,0,1,1
117.49307569209518,50.86120318618564,27.303212662128274,22.661085351907005,3.872542937605846,7.055652402991237,0,0,0,1
182.45983495405343,42.42458509184055,37.85225941797408,67.10678187699179,1.1947087282263569,2.638154031003221,1,0,0,1
24.13477207713332,50.7381574700576,97.74138455292116,40.13388014422585,1.3119981171458197,9.421954479741377,0,0,1,1
60.43668832711021,7.336281001259937,47.000207529536375,42.41973208906863,0.7703769539242253,5.324380544298518,0,0,1,0
345.454241806008,55.22717766983913,50.02414991725022,47.22597464834946,4.46623756855496,8.321674509288234,0,0,1,1
338.1403567882555,42.1715720021782,61.8890490956026,38.09376573147889,2.252126294758567,3.682204650087329,0,0,1,1
11.679593517699267,38.80372104275841,98.50066915728038,14.055797950033108,0.5040596048802242,1.0471029230527191,0,1,0,1
333.6160070439012,42.47684288687189,31.74411487921867,32.86686290025612,2.788865510402305,6.753430894822444,0,0,1,1
227.30077885727013,56.865994812101846,71.31538994791904,64.73609246245445,0.8494978816140368,0.1272085009573736,1,0,0,1
305.0922201368075,40.216190393534426,74.43862241875517,64.92059613219838,2.6462206282034377,4.779165116826807,0,1,0,1
164.61155091551208,39.85702279329076,64.65919751137594,30.76018765159949,2.5964600456329348,1.9683789315312687,1,0,0,1
185.30264971694507,64.44074942394595,17.972050567297966,46.40923639019192,0.3139907580480496,6.292386269131853,0,0,0,0
176.20783728735287,50.40381002411408,70.91850482448189,22.41025052107437,1.8116757425102528,9.795227737721628,1,0,0,1
236.7338475656755,31.53762832706812,15.768523993255794,23.93348733768522,0.5150944647213336,4.670808917890427,0,1,0,1
57.48142661714639,47.44382000197567,63.65283845949072,7.074237956594667,0.5296491654818011,8.184107652430383,0,1,0,1
20.191020556710505,28.35382830150731,76.56230594995684,85.70718949169701,0.5272072087212116,5.102452660163654,0,0,0,0
114.69618014100492,18.73252774900994,28.98729015579553,23.96359985674156,1.9395790109033584,4.983608309485039,0,1,0,0
249.59145933045988,40.81111261326557,85.74598067884966,25.478048924281698,0.3917083048507171,9.30771375712884,0,0,1,1
78.63017372180245,60.690925886837086,12.731842497970383,30.164128938061864,0.0013593686441436,8.905160394029481,0,0,1,0
238.9670273304719,60.74837120092776,85.94315772924755,16.46672645258861,1.884146263636011,7.868714628620345,0,1,0,1
339.77009567647195,25.51431668632942,51.42961455784886,62.533659486322655,0.2816370001672437,2.997744745502001,0,1,0,1
41.926243368402254,36.6606479733017,29.582914593848,11.762865785982791,0.1655300979153193,5.472833736453208,0,0,1,0
238.6847201965429,17.69815391419167,22.04003304945712,17.078218369371523,0.4067608687301435,2.2777774713915653,0,0,0,1
160.8750745635542,64.737866569933,95.79764508241352,63.02810539310836,0.7168130489201635,4.46697114556307,0,0,1,1
305.1683664883518,63.86707447207614,16.539902882304105,35.56945584332985,0.9691272694101288,4.867920004309916,1,0,0,1
70.23092841211121,43.97053578244684,27.91840779423331,68.71530440310701,0.0683907310058416,8.324818399684842,0,0,1,0
245.492823756896,53.2648435806484,41.304011268974136,55.168227020312784,5.288780943406183,8.965482234983682,0,1,0,1
294.9591984803575,47.906009677022,65.82113640650084,28.041905575536177,1.888504626830651,4.175469620844955,0,1,0,1
331.1688346211679,40.58949314236809,59.032097674848856,63.57451554403953,0.5855560529996263,0.2261592284787102,0,0,1,1
242.3043296184796,8.200879819333862,21.307914317108256,15.46463122635926,0.575622773254494,8.624649705904078,1,0,0,1
179.0394197628653,32.285860553159665,36.07551853643932,53.27693447720274,0.892785893007475,1.7840728510885389,0,0,1,1
220.0680616684127,45.48717813004463,31.487659397742167,44.34332945405312,1.476231453351208,6.237725540709415,0,1,0,1
305.4276947227642,45.65189683302108,29.218856904130725,29.10862245356967,0.237391540142318,0.2984604593196053,0,0,1,1
204.0073138572021,27.38735710534301,47.002990283198834,59.36044979655501,0.3141010286721604,4.025089428842614,1,0,0,0
20.33160029692453,61.50151919948184,73.36283073324913,83.42002331062542,2.943123443939128,9.86030500604773,0,1,0,0
326.52255647237246,15.04142193420686,29.570763899551235,94.9014229786769,0.4440854137489016,1.0519013309828409,0,0,1,0
244.4390953507308,35.02156677293364,43.00109917326833,59.698649186908206,0.7175255449135991,4.2657468623964405,1,0,0,1
240.01455116426385,46.45303859304937,45.1825684157046,41.423528689625314,3.075078704938673,3.106142004390024,1,0,0,1
83.32955181522384,46.82814835350855,97.88108764918692,25.268639019458146,1.6321666616669694,9.05562682771323,0,0,0,1
234.02105987910343,43.91833740612893,95.9199721191162,28.138648045560057,0.6271688552317144,8.699934073678184,1,0,0,1
143.9138979224139,21.51729280711161,82.01238244768683,48.15094803347891,1.7265940686821222,2.4151026650469767,0,0,0,1
231.4192121941073,14.37239412119732,31.749302873726663,38.05499311526384,0.0298192649109247,0.8578184811517902,1,0,0,1
46.24163030471684,43.15641960960265,16.12335826825027,87.24330703624499,1.9956802957651747,6.290027020908118,0,1,0,0
233.66740356503223,40.958126968366265,38.52137239485623,38.14659208901386,1.0012660535446027,3.396868683242912,0,0,1,1
349.80066676202665,15.76136061735446,34.01150944904478,38.6100132030892,2.516431779707568,6.737239686530327,0,0,1,1
26.39209321258905,47.3083487342338,55.53332201317545,39.518106119057926,4.639609286064743,0.3695915728747539,0,1,0,1
342.23922263524787,32.31031950401939,79.99551190610137,80.29581893308922,3.901255231851926,1.3773223900160196,0,1,0,1
148.34870664577602,45.06563549618917,87.24906449909722,63.570948876221166,3.599718881521734,6.8794037160878005,0,0,1,1
306.0561731146681,55.24202478620904,86.03776768694577,60.27519652870034,1.0766823062182815,2.1630880202598526,1,0,0,1
276.01106457981297,15.183705714615389,42.3708005100761,35.0728720145476,0.6697637709420057,8.582997373835896,0,1,0,1
202.78552873546704,6.148692079810201,71.85109091146145,78.61137591491955,0.9383318427000178,0.6329793327158475,1,0,0,1
261.07273114545103,51.746155183747206,38.1550777771798,8.452747522013102,1.7562713468681763,2.194045728716467,0,1,0,1
308.6952908424583,41.58184550915696,15.481498891166444,83.37174551043019,3.231218884733781,9.985674472426432,1,0,0,1
147.4077093613512,46.9783741773273,73.14087390426481,51.147490981453664,0.347872177669877,4.359107220738586,0,1,0,1
121.19127493150116,55.28929849931856,10.884479731280909,40.84252113770715,3.75509160222503,7.044508352269203,0,1,0,1
236.9817510916188,53.16865608947003,46.82643287126397,49.74505526459171,2.53256123345327,1.867497336127286,1,0,0,1
284.66762026002795,62.65520881572948,39.64413423718682,65.0673977480448,5.784599729296619,6.1181939131061,1,0,0,1
269.17694582404937,37.15610473112709,72.40397846669671,6.148888386610762,3.1835457764978394,7.274755380275713,0,0,1,1
281.2566406119357,34.30973795959432,78.9620925484341,83.43966708124229,0.4926255429981079,3.1790425268717795,0,1,0,1
158.09832703639722,29.113231993443804,37.368517237415546,45.20655727802536,0.1680002832819843,8.297526264159984,0,0,1,0
288.0636334995074,14.221462570652273,83.04643130003682,35.866986773007035,0.1785825754719759,6.054004905799218,0,0,1,1
50.87107882600687,39.356433972921344,36.45250844544404,17.44210090706514,0.5163221683557326,3.92177394566955,1,0,0,0
195.12629330668884,21.62075145955873,50.16937239879051,44.55188369225979,1.4285909875474632,5.598541813764427,0,1,0,1
11.957944569361334,60.27845073277853,75.43166743127206,49.669049415594095,2.4469144102898017,5.788770431987446,1,0,0,1
120.3591821660919,39.99144825662585,72.36282063023097,41.328202504413,3.442674187685112,1.6970761623039667,0,0,1,1
134.5969218562753,40.57041083048661,98.863162508098,66.07940844442074,1.466265686941185,4.057187080176313,0,0,0,1
144.69871514714683,26.2954796526206,30.26449217943387,42.88068758833034,0.0084708425525519,3.467134350793956,0,1,0,0
246.4588502745532,8.11936111866245,69.60861221856241,91.5275820061916,0.3092762235964691,4.038982089662304,0,0,1,0
142.10975443191754,6.904625922379317,64.87137174481997,58.934976604123264,0.1575845159730283,7.623050355428315,1,0,0,0
162.55583169166042,30.40010864919185,92.3588609041027,77.6730142086718,0.6772427009812797,4.851257154293393,0,1,0,1
90.76500449727132,10.07392268583427,24.072592748038755,14.842031279853096,1.0437792371758288,9.40614572473068,0,0,1,0
136.90560915397563,41.41081733240835,77.66183472282397,40.75621636513152,0.0665504974706079,2.97208031291644,1,0,0,1
87.2716732694715,57.85838033837945,61.14417546418915,35.31629313024374,0.6426661164146092,4.186250603935043,1,0,0,1
34.886614081270835,57.97488899112333,34.71992828091149,56.25341493229326,0.2961765629832723,7.880220264266462,0,1,0,0
215.17252174966848,44.54272460793394,52.69914227324567,82.50021680552831,1.5622290196170978,5.482944703541465,0,0,1,1
237.1923515087055,17.67390988837586,40.0398937362818,12.0504395985806,0.9361940981830384,5.492930056923255,0,1,0,1
220.62671764326893,56.77980988153232,62.13820625096148,11.531731824023971,1.0257390771633026,0.580734621901576,0,0,0,1
167.5879748921946,58.16560611879249,90.01005497331992,81.5285937341839,0.837116400916349,4.016066644048635,1,0,0,1
139.12716526093814,16.799215097177523,61.23744859709818,24.156507743452167,4.686020566551355,2.743800637596238,0,1,0,1
303.5334408544206,49.24556514624064,66.85501764939256,65.18779290048323,0.3626012968287351,9.993384472169598,0,0,1,1
186.48780694631407,22.19117293562737,56.68730624032385,53.85903191247247,1.0905656289219925,3.1181329527914867,1,0,0,1
172.92183839410853,53.15841874117578,14.604895580092832,79.96042353985065,1.9978079508939983,8.850740521198942,0,0,1,1
18.71830237418813,64.83427399421616,30.95727011884848,16.258001885276318,1.2207515380673937,6.77852566365275,1,0,0,1
126.02426139289317,6.801560319763569,54.28015564888745,16.680466915035016,3.96805441536181,3.4421182714612995,1,0,0,0
139.2665103871914,58.84195194745592,37.92117553702343,55.11365242504768,0.7121464685434067,5.45816706482253,1,0,0,1
145.59974550494616,42.357832015919485,26.35872379850748,90.17407880225338,0.9345246911668438,8.413332005494478,0,0,0,0
207.25860553729296,63.40295714988927,55.37195577265945,42.34979825336788,0.1390322505335686,8.839514565407573,0,1,0,1
191.42486588713868,32.90057105158566,39.052881410306526,34.424789022922546,1.4085681682123143,1.6459190563111448,0,0,1,1
216.6877315497712,55.84327583428242,33.229687885607326,59.60203908780972,0.5099626805829951,3.428752755021287,0,1,0,1
270.06030892432364,8.743644115896634,51.75868756963427,88.7403740490528,0.2620820385349907,3.385470643125038,0,1,0,0
286.41515116347176,25.116743004697742,21.995583227395585,80.32350495601614,1.1796423971426278,0.4683457209556496,0,1,0,1
254.1618459170081,9.020992265072598,93.49711597678666,94.5935249659898,1.1399252382853995,6.00246571052637,0,0,0,0
334.8780566246778,63.52058800874424,88.09318881273151,7.031172488213938,0.1183564508463823,8.555459527272271,0,0,1,1
16.199078109962954,54.0184344363102,73.68585271664818,15.1572330241486,1.7970629075716382,3.846665158863901,0,0,1,1
76.56451513240567,56.15284527475823,19.55924448296106,59.85209870299598,1.4663406646985666,7.413357652592561,1,0,0,0
12.57137749256832,61.27791388603365,79.82895290227238,78.85187954004647,0.314262803263066,6.295619115327361,0,1,0,0
230.14140281256505,10.10620916718712,82.7161595298117,30.67199080760899,0.9507188140577,3.7877049181553577,0,1,0,1
315.3303866429956,28.1358555508,79.09881559429039,26.52899792307969,1.9111794217227127,1.4535450049483558,0,0,0,1
92.78398083594176,9.262093342640128,20.256929840731704,75.82782194430808,1.130734128486779,7.107772335120874,1,0,0,0
325.19174523074423,17.647586093001717,67.95171613609882,10.07436684679084,0.755003307391605,8.552923430965343,1,0,0,1
30.49091269845069,18.76194662226034,85.08923161744588,38.24443828243266,0.583660974589882,6.874252199394843,0,1,0,0
327.70824911387484,33.14643266285472,61.961806109770095,50.52283003330968,1.4139284469564064,0.2278909161464397,1,0,0,1
129.5517136614757,21.11373004721856,68.17666377052801,55.43138069152911,4.197997415795658,2.2015172991903627,1,0,0,1
44.48308167273362,11.058686409065665,51.25271314836756,70.57536411134991,1.6709460714773652,0.7413258495911424,0,0,1,0
175.19639812335072,15.049465345646462,57.58365878956474,36.93611510875924,0.1165303206314407,5.725341690783456,0,1,0,1
97.3040330249727,13.836533813125456,13.09391725165527,60.14159102071465,0.9261831210352144,7.576952904462103,0,0,1,0
106.85678666705375,63.384607874737895,67.50667197759562,57.68378805118607,3.3221928369323512,1.1502629113331613,0,0,1,1
114.47858807493743,50.557550415108416,17.33024916020433,54.28544905883724,0.1488397604901777,8.391461314904184,1,0,0,0
283.02880526310554,63.06568791617372,49.151313490620105,62.6434963827991,6.747936698013236,5.577314335035057,0,1,0,1
193.3148340695865,31.38442919047452,36.33895879006671,28.350425396126862,4.465936848764921,6.915191670810162,1,0,0,1
115.84461771304125,21.702108899759395,59.08851551905418,12.618387822616608,0.1222617017846938,9.715448393656027,0,0,0,0
217.51348632571225,52.8975918325512,22.00747019708864,15.734450483576907,4.063876092284827,0.8826258330645883,0,1,0,1
253.4912292358858,24.575235082468808,72.24790617759864,25.21241443885109,0.6767906895747117,9.017179028629004,0,1,0,1
102.69216024940148,22.963002422320898,81.55103832356234,50.01781419705067,2.793683368119844,1.3047218250747226,0,1,0,1
150.60669451861952,18.95035953246987,24.701900476884084,80.6398475491418,0.8129155561867436,3.959940126034988,0,1,0,0
51.44127173456217,12.780738693454122,19.388177861669394,68.11640078795457,0.8720199738817536,8.521815028494588,1,0,0,0
71.5907788417913,20.38778366100596,23.096393450862323,76.01365437818424,1.508679523870145,9.067229655541787,0,1,0,0
241.58007034809413,26.31918490843326,88.94148057086515,36.58780615334823,2.2340024832064387,5.088398151774196,0,0,1,1
71.68903821651315,45.43965248874383,57.53703355807205,41.41883674836952,0.0515597975207908,5.96134115084048,0,0,1,1
188.55555044680045,8.753890533167095,52.05348964067523,40.43136973915515,1.3489881726061197,7.096065979255643,0,1,0,1
251.0757289856271,17.630416379920575,19.604063719211887,22.268586596405136,0.3100437042121641,8.335948751104507,0,1,0,0
46.338153852212905,53.54141841750058,68.46004060812656,10.50949923292148,0.6368561110384534,1.2590361368997782,0,0,1,1
202.8861546738272,13.815315415026246,88.11996327055809,58.182448354450415,0.6414939902491326,8.110189616880815,1,0,0,0
97.23134645846368,25.558708791351293,84.53672823911077,94.02950150785274,0.9496603488978566,4.838697697590586,0,0,1,0
337.39513758077715,56.8795353114884,66.34492380827211,20.01467344552365,0.6100056780864989,4.533703079826281,1,0,0,1
174.4055198847744,14.29551866860656,16.775084498650628,9.201633790934638,0.1703597517827608,4.2678025323701325,0,0,1,1
284.0374669235538,9.964210137091394,20.115732445841168,75.15785136415397,0.2360841708847902,5.116655273198123,0,1,0,1
197.077024333129,34.07227970480065,14.43780883988422,27.73274060162517,0.0510147276923876,9.453253006276306,0,1,0,0
24.760261170638515,23.145170676712183,33.17312948432224,79.66794248176355,0.9530225328389664,5.504627539281908,0,0,1,0
225.2714677019676,38.80450186903125,22.209532044434,68.35430003310638,4.633341074395532,9.534116505718234,1,0,0,1
333.4771363502634,53.22829342900851,33.40432362271905,90.1106183345724,0.1843963346309255,1.843886799625624,0,1,0,1
214.5480188497526,13.22890928916459,44.65522501470655,41.80345121810048,4.385521928399506,7.255152989384699,0,1,0,1
288.52421220510865,39.8419450732571,94.86845056640222,64.57728555055706,1.982792288718332,8.131783409157034,0,0,1,1
310.6301975384587,35.33052562339184,64.9338453803523,46.83693027319436,1.5220912536634137,6.807331871781876,1,0,0,1
87.54712246263705,13.644727160791971,85.14764071146661,61.75298275776891,1.5546303076662351,6.088876688254076,0,0,1,0
82.09524556879705,42.43990913173894,73.9316350641099,45.46390154069636,2.629335953471982,5.669887171807513,0,1,0,1
217.7335362093372,21.418425071646297,20.12528174739685,21.976902178166736,0.1696184468928235,8.616258301658025,1,0,0,0
149.7496797342796,34.27005911264075,76.23283657365539,50.71076744030428,1.054051985262452,8.225383641786776,0,0,1,1
295.5528429746849,9.936339456623712,34.7588993403212,52.57257812936981,1.7914849575857832,1.2667727757469651,1,0,0,1
316.0078619553238,32.57504343281738,67.51970622952356,77.9543463434145,1.325809534214576,8.493447187457237,0,1,0,1
130.16326896292415,23.38780808256922,40.68657762786897,71.1968635214223,2.6826591192891094,4.169982763432403,1,0,0,0
90.5359900513239,54.34287267112126,99.79050369381932,64.74124615472996,0.1125245684252767,2.574283458458317,0,1,0,1
275.378675182913,8.418723619842098,33.71963315471,15.204838599731527,1.7601704401632108,8.704197251738563,0,1,0,1
103.43405208636628,30.1164364950998,35.12174236968427,69.85546615973435,1.1454437308356922,4.348646756355729,0,1,0,0
289.68886829465066,32.50588544788628,93.76050300061584,50.02746407190633,0.7150249062460865,8.093228667259327,0,1,0,1
154.07100624057935,48.50036457794712,12.21799641726904,85.46895824955433,0.6238982557929794,2.6708659389606524,0,1,0,1
236.9669657591,39.45725450541266,72.70200890858771,87.78838407174885,1.4546663537975186,0.0890967481510671,1,0,0,1
42.48200670378718,45.03274023165086,75.27937516622903,9.964093154160691,3.3245474447955354,4.979818969384296,0,1,0,1
222.11217039003483,51.62295713910537,85.27407196693594,78.8577404319031,1.0282921973560946,1.0472711535966983,0,0,0,1
163.6010107706579,56.732178419491326,97.69953795746278,8.392765138040357,2.6120829531223646,7.55604075747285,0,0,1,1
209.4468774796612,23.83252980334823,97.80417272409872,38.04526631255204,0.7716391009964866,2.796947603890633,1,0,0,1
67.12483063325357,37.28136232183418,15.87490818098175,53.80699780589712,0.1620368629954503,4.464274183704613,1,0,0,0
260.5370732810219,55.40648470635199,83.96553904776123,18.329071876441468,0.0952178030154119,0.9159839726609648,0,0,0,1
303.3510063646977,64.36706785790338,68.16789402916432,72.16824313121691,0.0790483247371825,2.9022595220501635,0,1,0,1
83.69153203086373,58.37115866262579,68.2607920935782,5.751923375492472,0.7174169920760987,7.825827920422791,0,1,0,1
42.542948876854986,27.28803575746261,21.55149339532253,20.17391435906332,0.6170084274808096,1.5582997234280789,0,0,1,0
18.037119255754376,16.709991033119024,68.5168449801088,57.271714686812814,1.898437368733484,6.489237633213225,0,1,0,0
228.27031015071043,34.36355224439532,98.4234322541123,69.29488058335632,2.0369773332153427,9.178387235404786,0,1,0,1
216.41197227018543,49.498487110162536,92.06367125855024,87.49787924245246,0.0782889198230428,6.814375759589316,0,0,0,1
195.8771203227838,34.554144245197854,49.52175947243655,68.49469867411614,0.3748537167571793,8.119665808457658,0,0,1,0
88.86201267943164,33.99085179882011,13.59531759574849,65.46013432293793,0.4808490065493995,1.134267711573962,1,0,0,0
142.908038607875,55.29382526490804,42.60641410001843,40.49070317155979,1.1898225378580791,2.5447816687204416,1,0,0,1
212.12195396329884,26.684226744031186,84.37512804404997,5.115598297412127,0.2341304717110854,8.95066157979388,1,0,0,1
178.9007320121176,56.58768048869874,73.13491913186493,15.814333286205976,0.2157037451124724,7.165300855499987,0,0,1,1
345.84707687306167,29.40828805710341,51.34092900345608,53.109909028043525,4.317961261045095,6.413560572454245,1,0,0,1
56.38951586928926,24.693986340700363,14.9591381642948,65.76168972599777,2.446014595948857,6.654479024410914,1,0,0,0
246.3491483761819,32.23939467198194,48.42052550409724,42.57034555068162,0.298874878365465,4.1712955153312015,0,0,0,1
147.46838115545933,50.74681752049211,52.21224457460952,70.76111103755512,0.7827484835300694,0.4933384845956495,1,0,0,1
155.587869074709,12.560121671839656,93.56999796047224,51.967606579896085,0.6592046510932128,7.855193343603753,1,0,0,1
253.9832403237799,16.78515295232104,67.69774932239434,11.6758576034881,2.34816078051486,6.80319670034277,1,0,0,1
245.42829145028568,62.08668953978552,38.0487624989184,22.2814625871154,1.0706767586022952,4.75440441792161,1,0,0,1
347.02703785874405,15.529497642881442,57.27864380056492,80.59984009195486,0.2051903249353743,9.002608172914162,0,1,0,1
53.65405841440258,39.06363907586327,15.944977703994407,70.24214719619955,2.014806694138123,3.394788666601733,0,0,0,0
45.39728079061656,39.75886799971627,97.53114120847631,85.52857883112455,0.7584784881311886,2.978501355100797,0,0,1,0
256.27519782377203,34.37746772301469,42.40539117376534,15.580152420884293,0.4575969109727314,8.734323434540457,0,1,0,1
206.6515517821791,43.68471491460912,53.00806194218222,94.12002811535665,0.7062026143302985,7.980027164851904,0,1,0,1
103.214626630334,18.789603547857105,41.97555768132303,23.846604255494025,1.0330055156676772,5.174049115951029,0,1,0,0
37.002585456255446,38.15973606660489,71.42605571045802,6.060188865797781,0.6303706500464805,1.3508106576056071,1,0,0,1
39.12380486278639,27.330395314813828,69.60089424966338,94.76806451481988,0.4154213857510801,2.1899611410772715,1,0,0,0
314.0248973858002,44.70003557775134,74.37900794762221,30.296649690060185,0.7624981747211845,6.579468504567625,0,0,0,1
75.23489040437259,13.473412602388969,34.13289066507288,65.12175072613039,0.0290386419543447,3.881160316512096,1,0,0,0
119.94633111927706,39.252645010368575,38.41016330476594,20.901408275867468,2.22089335939116,8.372908257076414,1,0,0,1
87.06317675717592,16.116221322999422,21.272610798658715,57.22056789792276,0.2812029790134357,9.50205234285543,0,1,0,0
130.69874398285867,21.718583786902183,68.99589746615013,86.36314878091034,0.0673463915566395,8.066087406485437,0,1,0,0
33.60410653367175,18.122588019414994,13.581741460208727,33.81630506855947,1.5906690796838263,3.806576958805793,1,0,0,0
186.4803289088119,15.970266792129026,63.79141019711132,65.32285784399232,2.2304065557205823,7.897429970852669,1,0,0,0
32.988271621353064,54.54265709364002,88.27262963664705,21.911322991857485,2.5216355694252988,3.5468446510333,0,1,0,1
282.1212126596029,22.14245405965342,90.17489334606702,61.23158588468527,1.0203736276405135,1.7126458732680572,0,0,1,1
89.46210784954722,60.62742691186696,50.41339843329655,35.280531663575914,0.344814595499553,0.382262388415281,1,0,0,1
193.6040509655336,63.19559152071145,51.33733193917664,24.00874327291565,2.0047009720470683,3.887881291972149,0,1,0,1
309.2268897708958,39.27562819622584,16.927226470721564,33.18638456332717,1.8045252778628085,9.040415071787956,0,1,0,1
231.298305476046,13.580067359943584,70.36885228987322,21.09569616570194,0.4240830588755001,2.4279165481689806,0,0,1,1
191.205647427454,27.472894602774875,83.91334783355609,86.17244970540945,3.505885244132496,2.1048059910513506,0,1,0,1
120.2734760592277,52.86393580089284,32.01895491442417,40.7468197685416,0.1653442885797312,9.69971681314835,1,0,0,0
123.22065043978728,27.04344372182423,47.91707934700282,27.07513744769306,6.084553824035522,0.2987909228633916,0,1,0,1
237.62556476738465,10.221033098167323,85.49554030887433,45.35670569143396,2.9518267548347974,7.868532396417855,0,0,1,1
348.00738281519693,38.40709465569128,88.94084208960592,33.8482550125846,1.74664093453895,3.24763105962166,1,0,0,1
235.02532454878872,55.70725108976209,31.886198223780333,71.99773284319933,4.189184408334353,0.4230051708531103,0,1,0,1
199.64636190580848,52.75558322861014,59.55135710872278,92.40979206969448,1.921881154056433,9.182135275085358,1,0,0,1
258.42117348134366,15.507388407821194,27.32438355722444,44.42302910278821,0.3169280765957312,1.4394411855853568,1,0,0,1
168.16990817646416,45.365876864748,19.169088772560087,82.49300599750164,0.8755142597452408,5.540203873070669,0,1,0,0
30.44839648426697,18.23025580613883,92.0008451252762,55.92767662036576,0.111282233126651,2.776839363924,1,0,0,0
201.18091739848933,18.09245207313033,83.84567538088983,19.15120985848101,0.7406023149723752,0.6986683817376758,0,0,1,1
335.59259673182925,57.44430639831111,78.40314116228565,67.15604678732075,2.029887290147224,0.5467287323506219,0,1,0,1
69.60300040160428,19.98013716441381,14.388968693182637,51.20910474132381,0.732724022359406,1.199789153421571,0,1,0,0
244.60166287902635,20.79484079108067,85.93559134392318,63.55458709268931,0.6013750963177951,0.7601017881993315,0,1,0,1
78.3174541440792,5.039203445677973,49.423966831484535,85.07186713144985,1.357120387525334,7.617553249423232,0,1,0,0
192.1814127208476,57.24014204753106,40.81556109662736,44.63911135904414,3.0859862637640005,4.88138371272012,1,0,0,1
42.86999287988467,52.55568879254808,59.18287249228388,86.10598608956201,0.0731287755772675,3.461776308922348,0,0,1,0
163.12611832778293,42.63973610544068,18.221791845120023,72.56021128534894,0.7303473575375788,4.212770655813471,0,0,0,0
267.09553182438367,50.01594583633054,78.09818944171589,48.97444332901863,0.2583918334004583,9.2930200189476,1,0,0,1
128.1743182412539,14.122914045469509,62.41915691994663,59.289992209216734,1.7829084828333452,9.111980536744564,1,0,0,0
236.06998632565413,32.499415675254525,26.79310871858508,34.30230192671103,0.1676121799639496,7.17098097721964,1,0,0,1
280.45298666850795,26.073163240926853,26.940897979214103,93.52375697648968,1.639576585146799,8.852589655345794,0,0,1,0
325.2404586230139,10.626591575420989,26.58237864154068,65.06160467453563,0.505688503768267,3.230497874496866,0,0,1,1
89.7783078308542,34.16782911289545,15.13021487967406,8.94621672469669,0.332685726440887,3.842037793782414,0,0,1,0
145.76741137516476,60.24437902055812,62.90186044345163,34.39597151732079,4.131594210851371,6.156436209449568,0,0,1,1
61.82144453234193,7.403547143041669,85.63133598296572,61.098299038315176,0.0280474583472271,6.255078175607778,0,1,0,0
347.4443907338476,22.48765480962763,11.574839258864976,10.069995001931582,0.863785791354132,4.842913388222792,0,1,0,1
325.1803290942604,17.45245617234221,14.41041804741462,7.149577218722849,0.0327964250405088,4.036545591957635,0,0,1,1
193.58542429539025,19.28879921994178,61.54932490182512,45.50218155750223,0.9912902368051092,9.862494100506517,0,1,0,1
296.29132008798325,59.50607311276252,83.75461168474472,34.9421161723403,1.0428661998270328,8.220180079871358,0,1,0,1
187.12571227249435,33.08414325405741,39.40650015117703,44.44687472298493,0.5821654276749416,4.378052968986049,0,1,0,1
222.0191339209383,32.97796477638913,41.465295892695,28.642397889200463,0.2126249419946308,7.286560148533706,0,1,0,1
40.30230691944565,50.634538547316936,63.67118477470984,19.824597224868285,0.7083392364124921,2.732138847861972,0,1,0,1
266.79194296891467,14.269532240295549,34.67916002117323,67.02290212823038,1.673315457335932,1.0466847960614325,0,1,0,1
53.42258443597984,34.235921246003045,12.394752946991572,51.31140046410204,2.2876162536624616,3.556688704249769,0,0,1,0
290.86299428585966,30.799112847263583,76.17056662914365,23.013879012443013,1.134931330862609,4.059579361227772,0,1,0,1
275.8895498079312,40.81464143279937,66.30849216473078,33.76304836339985,1.3367914272529438,0.2145443893786744,0,1,0,1
250.973197232612,64.97346219502631,62.26803991500932,58.26271168969933,0.3358714682698226,8.157180416277166,0,0,1,1
22.29452937841912,51.16693364492283,76.75157160926408,11.500641344523006,0.5081058995762935,3.623974353772355,0,1,0,1
113.06364102141173,28.871942181045632,70.77077538058337,18.27077083395616,0.2649189238725708,5.825160749512462,1,0,0,1
99.45827376968656,54.65318313644282,28.529378936048904,11.59210436966511,0.4301144703146669,0.7859337133460118,1,0,0,1
132.4463785403165,15.242501798748812,41.72329422490161,78.1085599442707,0.3821192554009914,1.7912184460683105,0,1,0,0
39.79853389970511,6.827821178537608,21.34991275107625,72.71683098908083,1.099232208387297,8.902452567009222,0,1,0,0
328.56565983056134,17.266902347856384,21.68713120760929,72.79816386913313,1.2406651621344666,6.106440902433867,0,0,0,0
198.292761842208,25.42469336685558,70.85761717208854,69.46928091284252,4.349199848023221,9.505326299196332,0,1,0,1
113.878265623728,35.6348454475736,87.27400962842484,65.24468813028822,0.3264331969854674,9.987562842193604,0,1,0,1
144.97371580525638,41.90774843247199,96.64593254750253,47.92927238403575,1.5394752976004211,3.750008147564289,1,0,0,1
162.04886377164414,59.636343032865305,66.55124057945,62.805034715640346,2.549530351698744,3.0230904876285822,1,0,0,1
214.20207334260988,35.59124057302746,26.569119102486127,8.45253993091772,1.2322942260458012,8.590642748833012,0,0,1,1
185.33100541680923,35.076538677543766,19.508531090403764,60.93179803911061,0.4415639449509051,9.98618369902267,1,0,0,0
322.5932708929019,8.014580589378928,83.15658743830821,75.00899349831894,0.45683595238402,6.31493028061295,0,1,0,1
178.96758418798228,7.094693159373429,62.08808287239994,50.03225243459512,0.0600663410128028,7.961650188989647,0,0,1,0
347.3337250399263,38.06959771498232,65.64565189123479,37.17619955845132,0.5467242189999032,7.82837129521198,0,1,0,1
299.4844856333325,31.29071679490067,80.33158798792383,29.96840613208812,2.0474081105337194,3.585630096784492,0,0,1,1
80.89357488149417,55.35082369881792,73.29495049592065,62.85218451458742,0.0730257223382741,5.763990283558017,0,1,0,1
326.4023729789315,14.64077508271071,85.1012427570487,67.35210787669179,0.3713374248394615,8.338916565578925,1,0,0,1
49.56457528106187,6.498299727022976,15.059251491389062,83.38708398762883,1.83744995374842,6.896733068797501,0,0,1,0
287.93290088700513,31.94232607580756,77.27685730718544,35.810067421489165,2.289380267886879,0.2605799491212807,0,0,1,1
139.41191978203722,19.248713405135447,86.5767481589886,74.2795076647027,0.9113308405478002,3.400221405530458,1,0,0,1
308.51126895132364,7.976862400330247,35.752153821248285,55.522024177040414,1.796361668716384,1.4875331811163233,1,0,0,1
305.1392746365331,48.47589721085774,67.64025465939275,84.45528416102712,0.7364172655967336,2.3680735101764885,1,0,0,1
284.0146360399912,11.695579997434848,38.274585745327485,52.503089746605866,0.261375169116871,9.059620301038692,1,0,0,0
278.61034834440085,41.4991700004663,96.21739598342086,51.58668455581705,0.7616192889344808,0.417088224662143,0,0,0,1
113.59090729333388,21.86298501001335,13.008121519195338,57.00893732968182,1.301135928113745,2.237017084021141,0,1,0,0
37.51255623742574,15.40976302130132,62.18135594496595,72.4383819628191,4.436305105097335,3.130215054770402,0,1,0,0
147.0132607801549,27.78509137515905,24.98531923445636,91.82214309456148,0.1068427974989903,6.187996516065628,0,0,1,0
68.99833509541295,53.08674657337722,74.09981846594428,11.62070187941891,1.062068705413607,5.364311816354361,0,1,0,1
246.28337022683692,28.52561461427436,25.83012550767959,9.809114215191546,0.5982998903759433,2.2217813543911915,0,1,0,1
127.67390702284708,50.04617895266334,31.18449357085218,89.37953036666046,1.0648654323062836,1.6841986188703868,0,0,0,0
341.70746829237106,12.529177807949042,54.49337299411823,52.68880629663855,0.0364013047634347,2.4061404442313816,0,0,1,1
227.93050629741288,51.36628517990475,92.33514549971903,60.34127131102424,0.5631868407717084,5.050169785681472,0,0,1,1
289.64339163568275,19.21599949439892,29.05429349331737,48.4181241435256,2.5710992737654643,2.7482189678264737,0,1,0,1
55.05838873222847,45.643587793332365,22.981601900629315,13.429170734672704,1.2109585408701165,9.478644890996836,0,0,1,0
303.0849239726917,38.94689329045978,78.30791486686276,74.12804405767999,0.8983449597335025,4.6654589532170325,1,0,0,1
323.7374447745541,60.74868303270124,55.055757910053785,72.25021805797282,0.5043110581535881,0.6350203646191388,0,1,0,1
175.6010523984382,28.23935107851884,92.06066011435942,33.05329893435308,0.5308236758517773,7.306200738074501,0,0,0,1
216.12599883533235,8.969911330066427,23.195310144385807,32.56153207055604,0.72457599994715,3.3220106176794464,1,0,0,0
270.03533230701845,6.149329133075174,68.13351037207354,80.40572428149666,2.707911973494961,6.552214873979563,0,0,1,1
69.44513326854027,54.61151365836519,30.959123153663352,11.512153196719396,5.126594236904239,2.831963986706158,0,1,0,1
180.87246599757043,36.484138259685935,24.108438578647537,84.29946335209092,0.8661304028510421,5.728900230246532,1,0,0,0
145.54542944258645,51.51464311009696,71.50864736415434,28.099552090632297,0.7497119098174655,7.732917422834273,0,0,1,1
59.7671573351647,19.065536000690884,63.43161579178599,58.36862729799445,2.8115783306656343,9.283686980656812,1,0,0,0
134.9617035791207,25.705024730794023,77.93447125260981,89.23947611016,0.8350565121382436,2.6482150871091164,0,1,0,1
33.17858519106781,6.806232332679136,37.85163188015641,66.03102513829818,1.2045039158246922,3.3818266624398623,1,0,0,0
18.776048362825577,62.68953947444673,50.317449074397096,42.298683122033296,0.3938826803615382,4.6694508818451,0,0,0,0
55.956538312639736,45.072074402048806,46.49245086973766,67.05807880148737,2.040954750747669,9.27538963547309,1,0,0,0
337.4591379403191,60.99230526555837,98.56805175698628,35.95816726847332,1.1388930336242131,9.018799225266038,1,0,0,1
196.84004220430572,20.92978444574434,36.30240610654491,29.95325747142676,2.4834941379135045,0.9442888870013484,1,0,0,1
338.3795347920948,41.68781667353965,36.53355145120902,94.70149501412118,2.2761958236503976,1.362701766250418,0,0,0,1
157.04927863224486,45.70999809755827,41.909338794574666,72.5711208061809,0.3631164531712688,4.98031631443985,0,0,1,0
116.01748524898824,24.052982015455303,60.813467316128936,63.02479796436359,1.886247886241456,1.1108617644139638,0,0,1,0
182.08823336568292,55.8865541009378,32.70904698373707,36.97606788973869,2.4145649838007266,3.4885296898195395,0,1,0,1
159.43397413518943,61.82968777401487,92.37609463413465,9.424474623954335,0.6372178765531251,1.5264345132639026,0,1,0,1
45.92599264899293,58.09130706176026,33.911700837963714,7.795118843164005,0.2842170583757835,6.378601533562264,1,0,0,1
227.88094699467013,49.34401855636235,90.62341584041752,54.876312990391895,0.0039534386877735,9.49747954580466,0,1,0,1
83.45298205326387,21.647880783497243,19.31275572819262,73.5829448935146,0.8992220363902558,9.967501014429097,1,0,0,0
220.65990466526205,21.896962526337905,69.09064321596871,53.36412713994696,0.6517989019339254,3.783649268344302,0,0,0,1
231.06837141537216,62.80161922676228,91.62869665944191,80.67065647452031,1.2142175950854344,6.010175739290392,0,0,1,1
61.68845006374036,5.617069756141522,25.187449455840657,8.008387978389948,0.3124583201061807,8.56986315256461,0,1,0,0
30.85887321762717,47.96299839452867,97.14942640893295,38.00768687833461,2.945590140189837,1.2187476243240207,1,0,0,1
275.45893926326954,47.37476975331573,50.75950243739605,26.336335205676026,0.4471142882157567,6.911165889967051,0,0,1,1
166.33214408156886,42.36137245698784,95.1143597596922,45.25456713414098,0.3851079072299612,4.117994434164428,1,0,0,1
29.77569047186177,64.40653076521195,70.91380392670423,11.513875387471025,0.9829508949551636,2.1011542947876323,1,0,0,1
348.25454783772085,23.712766145823515,37.14281828861964,90.87184774139654,1.0362777964552192,4.057398506537047,1,0,0,1
29.645390738764657,25.39831182759489,26.947227242539576,25.092986096242484,0.3632702081922264,0.8058048553009227,0,1,0,0
246.3119778119081,9.736364176793334,37.33615416025894,88.00769979352263,0.4758944094605182,6.969301128463592,0,0,1,0
344.4508345895606,31.567888192624245,18.37156683364075,43.33038395330136,0.2789617615328826,2.564789554047108,0,1,0,1
91.32123543341471,20.662911574090884,22.94811697089968,93.69717199296964,1.901222068451032,3.1484861681965355,1,0,0,0
58.3647853536467,25.60320213065865,19.4194396311833,54.86525451141897,2.2050947061113995,1.2547589175025542,0,1,0,0
51.27087940362583,55.07430741533766,48.0649189367402,88.77495777582267,0.9307612430691032,8.653358183204423,0,0,1,0
113.11355017298249,61.12907081164975,81.60205386318277,5.4814089824800565,1.8781016843786853,4.959770578863249,1,0,0,1
44.35557574361987,16.143984320311137,22.724519879470616,72.34149255628101,1.9973422174005555,5.742861433974682,1,0,0,0
245.33485617600485,27.35053589320795,21.72883898551023,86.27455877922638,0.22322954563609,5.715855196793803,0,0,0,0
31.17921136422132,60.71783372692365,67.90860545655977,17.57485102810587,5.07996680238989,4.1344064896863495,0,0,0,1
183.2035235709285,8.708507641353357,27.746468377125964,13.651326655893634,2.580821946703601,1.965672658609488,0,0,0,1
348.8769303100121,10.541631686682711,18.784903429809244,43.211534646736,0.3431454614533553,7.4640708475590785,0,0,1,1
286.7498916320464,14.767459352373765,25.016372038501988,89.03110155196416,0.3089965202283966,1.3142098403088596,1,0,0,0
219.1746089985437,40.71277004761249,93.13582562890986,53.81479041713949,0.2014309097675358,1.0835442132741644,1,0,0,1
114.12623106744796,14.028336260359849,83.93241274985718,52.471081734955895,0.2234089086942802,7.115943124085208,0,1,0,0
222.12458433915708,63.08458288704401,41.86581061195847,17.70135064693897,2.0684526859754344,2.127928353497239,0,1,0,1
189.1940977299616,31.80287163551122,69.02386905946535,5.07105599838969,0.9513392096196408,3.102388875960681,0,0,0,1
154.8683505227263,35.09107762100999,58.354810630123424,77.9126081670915,2.291331930021354,4.778513296667315,0,0,1,0
54.44152809166782,19.79951694832439,70.94118371343075,12.88171066876144,2.057137555337677,4.521045601458984,0,0,1,1
311.4454331817587,33.25761514608401,71.44040372164834,62.04648368617916,1.3918342834367845,7.100362294396741,1,0,0,1
162.92678059924967,44.71481795822069,66.58606135539937,87.31548090636723,1.7392957680762111,6.253146344761441,0,0,0,1
76.17165401906013,50.070628217242565,33.94912316835777,23.77867218425879,0.0277894215591588,6.461741814704563,0,0,1,1
135.03817929827846,50.23208496259478,13.51057786865363,64.87455526132197,0.5604649582189757,7.1548405900218,1,0,0,0
150.80411585983518,39.6734667616453,51.00101037910979,12.082871903675851,1.52342995537313,2.96149663786348,0,0,1,1
291.36288449273724,59.26158649963144,90.18764962216336,59.337962945385165,0.014083337266263,3.2572164524147125,1,0,0,1
259.4288893908767,54.04447083836656,61.25475326667184,19.753854885788247,0.0502994110080364,4.408077591560763,1,0,0,1
271.5636638380556,50.42288688191753,84.9151937531717,71.23582044636602,2.864679624455245,3.109248621683584,0,0,1,1
13.750629905740052,8.336331300827638,99.24619086651052,32.11081653145174,1.7281376170966445,9.850131796260092,0,0,1,0
151.49235938111892,5.412677733178959,24.725458372444866,46.70519079241816,0.4625819168916954,8.149816667893225,1,0,0,0
173.65701155601002,17.746836631728378,72.2599875227784,58.94874878248595,1.7469494941216976,1.688314148147494,0,1,0,1
16.525374119839274,44.81141563480713,70.68642163300223,20.41460695996156,2.3586227065300847,0.1056618510246016,0,0,0,1
98.33649097331164,29.67184933295275,98.19599026224506,71.74740367558589,0.5496427111116531,0.4756935190603151,0,0,1,1
268.4985398615259,29.144375557958703,98.70406605575204,32.23763065731331,0.0550541376940542,2.478431337877106,0,0,1,1
56.61729994785968,58.07521329377683,71.80107505517165,64.61346739214781,4.049657152747941,1.1871982940767227,1,0,0,1
192.0054446938812,58.733770887910325,31.925331278397483,19.245474562943627,0.6350919649941222,5.356714243181092,1,0,0,1
83.16863648586076,59.550515843215145,81.87002543175392,66.93058932857153,0.1688828012479827,8.587052466137218,1,0,0,1
14.121063378923711,23.83268459090164,19.63262207899343,16.53692655294156,1.01548818279214,7.380664698086612,1,0,0,0
92.00849558384412,46.46334876435571,80.26293737544658,43.28208466429852,2.194554455293434,2.1953101776677943,1,0,0,1
341.7970766694183,21.29799087646218,91.91765117302268,27.248546636498915,0.3758633016149229,4.0230275974565695,1,0,0,1
282.52261804021646,16.436589984466988,44.45500552915917,72.35377244853643,0.4710186408885619,5.103547384836212,0,1,0,1
336.2560590691514,16.077947440842152,66.75717654847725,28.58315040561871,0.4170233892536837,8.111548202558188,0,1,0,1
175.87037493496322,25.526457251815643,48.71284588871437,84.35455757558566,7.182387564557814,8.39925995090634,0,0,1,1
47.31030755035119,30.797457186789305,49.39885494893156,85.26381902659516,0.3298552098062648,9.10169720348237,1,0,0,0
196.3062262510556,54.8569502633041,37.933380019730805,22.679718370050725,1.2853363495901289,5.116990242503608,0,1,0,1
164.4882937503867,12.193465608362724,78.59166584052922,60.24613505069519,3.890702941360368,6.958033727036836,1,0,0,1
297.0814081314694,49.09555084369365,94.25589077498546,12.894587754796788,0.2383117246942089,1.1624136937776748,0,1,0,1
43.34807746664316,36.88729485135832,94.6675773311015,40.23833896414663,5.3031665786092415,5.674625151542121,1,0,0,1
176.0019865874046,22.27672056055955,25.730315638744045,69.1989556551145,4.419762859223382,2.524483504237794,0,0,0,1
61.01654599595464,34.569175071969475,88.72692846909095,64.34809221649246,3.238662311856145,4.34558300601478,0,0,1,1
120.3898151426204,22.99652418662136,76.36882972844099,61.22306024659471,0.3622601696068789,6.358802557651857,0,1,0,0
260.7014063118519,40.76491731429836,32.75536606212603,30.42867772961992,1.5079085747331789,2.6070100816451216,1,0,0,1
171.84616398538063,31.03063537131465,16.05561516293631,39.02224544909618,2.146256613133667,0.5692413250777728,0,1,0,1
137.80201694956156,14.864331744732723,34.11975401959402,14.265153023025755,6.406042219419147,0.1518268712671372,0,0,1,1
144.121934713812,11.994984473341804,92.0987413103373,69.7120538390241,0.2984518928052566,0.2704873786679894,1,0,0,1
166.21190125803545,37.80174092432781,66.98608074061951,50.34999171121461,2.178817277184754,0.1330798882620081,0,1,0,1
276.90562490459934,59.144781997166206,74.89491948080847,68.78890691110891,0.620551023654871,1.148032812750861,0,0,1,1
313.3087942396797,25.63746119346113,33.14371159981863,27.40491723171855,0.2896972999575217,2.432912709972792,0,0,1,1
334.8137934113356,48.9800064333574,74.74493400173382,34.19944057715596,0.8206560517652013,2.2511540661138767,0,0,1,1
277.5471513268004,44.51968129638602,12.530935565013138,35.079380353410315,2.3686243264449915,9.868626112089972,0,0,1,1
117.23834455432431,60.89329485856886,43.77892111957125,7.316816877249458,0.937811746119523,3.094760746828985,0,0,0,1
243.96580006942432,54.25886103794845,66.4078013688098,35.69430855475612,1.1567380044929836,1.317836794426021,0,1,0,1
158.78506217883324,38.99631553432778,23.14869089871882,77.29741161662302,7.99607805929816,5.478347314469191,0,1,0,1
96.5880114956574,44.42182989404644,84.07032170022413,85.75686461747647,0.7640133357154715,8.586676681205208,0,0,1,0
295.8963370048137,58.90318799504209,31.15281689307268,51.63964840723347,1.4333301122278492,6.796700749037368,0,0,1,1
23.0649586471905,28.97112707521609,68.70530015366016,45.99515256972982,0.6817723852924135,2.99601678689773,0,0,0,0
316.599077326044,24.607682351466643,46.46774283177968,7.774215682943323,0.7483101210960267,5.6380807899249765,1,0,0,1
166.9023379724096,5.64866501811178,63.64392359298824,84.12839038268444,1.7843198147762998,7.16281694329407,0,1,0,0
226.64850211481536,54.593064451487855,19.67054973660173,6.170919208328545,4.168199380967678,7.294639699059036,1,0,0,1
234.1803335499661,53.05884202420189,11.52215199294466,90.02750721891906,1.1725052052719174,6.682057630212003,1,0,0,0
314.3400318402224,11.267271086009083,91.8607984642271,49.02946238192816,2.19411483974872,8.7145637265174,1,0,0,1
226.46769193685049,39.61144286796201,34.26670078904645,35.7741044217254,0.1401587189684392,8.707549310523838,0,0,1,1
218.737418818421,32.83890189001325,83.77093025024132,88.1796591358394,0.3557839186902552,5.810418766099682,1,0,0,0
32.66169379063459,12.122545730546689,99.94152704249802,7.195189379908706,1.0461293641456435,4.327070872656562,0,0,1,0
186.25872746136932,63.83409362364341,29.028813219902005,57.32824053821784,0.0303220054133703,6.433624440872743,0,0,1,1
61.05746027779416,17.881753247801328,33.865366706502,54.40392720494039,0.4372439617334542,8.191209413636109,1,0,0,0
260.7274813653051,9.034050805433669,69.65738088711991,24.738836109024387,1.0928546976798352,0.106238443169788,1,0,0,1
184.15545307630933,40.69084277011457,96.89037711405592,43.59986882151895,0.0226113689290804,9.92037023969777,0,1,0,1
241.2774449308401,49.33200062798196,92.42329133716696,63.70376053493932,0.4609015088512195,1.8697930346755325,0,0,1,1
24.16878620481065,6.946606762831218,55.25879680590264,70.44180771937347,1.0824151074777504,4.728977407316763,0,0,1,0
38.8292854555731,44.52305832362133,81.55992542740522,5.06451728359218,1.276981280610654,8.726695861686524,0,0,1,1
253.549951941312,36.93751255708727,22.21712677899109,89.31680870819137,3.900510455476434,2.289151970489784,0,0,0,1
34.508674239548945,11.195900532502904,97.96943657836113,19.80728351535312,1.5549173255571642,4.794112477808812,0,1,0,1
34.22728744018792,15.351432616781723,96.7917910632388,26.022239080012326,0.8035378711393097,1.3691926928027327,0,0,0,1
14.116881579861731,39.07845783896483,24.735606209125383,28.71261011244634,3.9964342193839113,3.981009437612516,0,0,1,0
335.2104754218232,22.7814568107973,36.94808123227959,8.403812289683177,2.304859703399171,1.812497775190375,0,0,1,1
260.7528422160624,61.29894371907896,19.013949775609024,16.07469112312924,0.3347320541509822,3.668096100273012,1,0,0,1
130.10547889070182,54.124413769043045,34.45458390083617,93.77149306497458,0.2103461517116582,3.765968957087584,0,0,0,0
110.82209763780276,64.01403239081978,83.4360210473686,33.36950636395575,1.689645841434221,9.932049356503413,0,1,0,1
128.89909811358885,20.58025033702484,44.04840464487335,15.37709813051444,1.2310725818067554,9.948389641572534,0,0,1,0
273.3822006016018,63.18341796787862,17.955727043208256,14.629213505716098,2.338642102170193,1.1921234726730936,1,0,0,1
234.8660077639409,30.87403218749348,40.80029723010141,69.75139709029747,2.0137323238677234,7.273389354317055,0,1,0,1
72.9664930749391,25.85112771882528,98.3245000817152,81.91117976293768,1.4720902536858222,0.5648675227075565,1,0,0,0
69.19717401358868,8.020971618161195,66.67152357332827,28.12570695576229,6.444563152637558,0.3504105526050268,1,0,0,1
43.45452090255509,8.165915471576158,47.4544851765542,6.881856110171148,1.1440344370491715,1.0980722477373948,1,0,0,0
234.50292469845496,46.52067535679928,24.9884662147543,25.078101660082023,0.1800442998118767,9.656582287228945,0,0,1,1
269.88670515539025,32.47573966604168,98.75591175553254,10.08641217170816,2.6427788421927207,9.41159230155224,1,0,0,1
100.11578563050136,18.591297562166343,83.87641083368159,14.305544296703737,0.4352344208642188,1.9795818117927704,0,1,0,1
17.121286750510357,41.83821837951396,35.33295722058274,43.83573078628781,2.252909026011398,1.6586397387594296,1,0,0,0
37.938366941985294,20.17148709500667,16.30618261490705,25.69265337754693,4.723573311984257,2.4433241108336725,0,1,0,1
339.0724118473104,39.65790526066536,15.096300163980224,51.4351290672881,1.7900217445368825,5.179692591047663,1,0,0,1
110.45122434232287,26.55252481896142,20.834033455498044,27.81443779314713,1.359622589436316,5.718561088752328,1,0,0,0
271.5358702649654,54.413133596709145,62.26917252529795,89.64835709926528,0.925352303096204,2.254854632872501,0,1,0,1
222.38561341044968,54.24176964600676,93.58870790849431,86.5349571133638,0.6798020501608676,7.578396741494954,0,0,1,1
139.8594774819846,33.64102388734408,54.706908520538605,56.01254945094194,0.6531244913801539,3.130054035556374,1,0,0,1
79.93366914648874,26.049146560100937,85.86509342105775,36.89815927886475,1.517438779036318,9.225206689017632,1,0,0,0
51.27138217419819,26.75358779354568,50.129795787382704,39.3032193831262,2.0870997595124523,6.584390929244469,1,0,0,0
219.10440913321463,53.34287154009307,73.77251911910427,42.066705483004725,1.7022162449671192,4.391694383320936,0,0,0,1
273.37548541684794,24.69076896785672,75.86854635578507,70.48213899214497,0.3317372250304624,7.909624416943311,0,1,0,1
228.92744620398443,17.543562422410762,25.65673353130048,45.64750959669541,1.021789911496222,8.188250529164314,0,1,0,0
190.30272530471385,10.08130051251841,42.50944530782306,82.10569518553076,2.352732408809348,2.940291975808989,1,0,0,0
24.26341596675633,33.0015872530645,67.35719408842215,89.9685307337328,0.9685485266762848,3.430159711169039,0,1,0,0
339.2861843820905,33.927925935190515,16.362694736592957,35.235153804104044,1.1538223575763416,9.362753779599604,1,0,0,1
281.5628251625554,55.45452262417443,42.53861689866609,55.46250332381121,2.211941323183732,1.6891733317145554,1,0,0,1
109.559492478328,18.27432178676384,58.13195196530732,13.5550883149308,1.6238071385332116,0.4693966487811952,0,1,0,1
343.1899119820092,27.859476420103995,99.66020437401748,23.042214298972308,0.789784581636548,4.567850459965014,0,1,0,1
214.63974047634952,53.504344333621454,52.70802063601967,42.21191900391441,3.386599885003444,8.022038507424108,1,0,0,1
208.0237037904638,54.41741664493841,83.44510814028912,23.55824443116009,0.2661211507138381,7.72809765779192,0,0,1,1
264.3448810060409,28.07666455872609,48.8860556559956,83.89044417098458,8.111009731833157,9.199329757682683,0,0,0,1
286.0017279506468,32.547441397200856,81.6751650357738,19.245763045318824,0.1897954991078703,5.355346610471949,0,1,0,1
233.2027264927109,23.19715345095697,63.58733214580976,46.00947393977828,0.0225942725141057,1.0456434820870064,0,1,0,1
53.552553764508005,60.95329270515872,89.79358973521585,59.51293164138881,3.3111701348686258,5.907455294643359,0,0,0,1
125.01095203812946,12.118625944494818,46.98482971150989,67.26775173447601,0.4214639299586137,7.7950363628144546,0,0,1,0
325.5484377108569,61.02496538008821,64.3873977839331,39.476243275385606,1.962332171107747,0.9786147966847728,0,1,0,1
86.36930802690965,46.0319871101206,66.70168125569447,83.21891618522557,2.4991344241176288,1.767941140921018,0,0,1,1
136.53678810475452,36.89432916120387,47.5644647620426,56.148723597013294,2.9383483136381487,0.1722920784989254,1,0,0,1
156.90614020102663,6.9595436470697525,22.988083931873337,44.55570024027966,7.168256367037473,5.956843165495763,0,1,0,1
159.39769649611375,33.5357715093205,18.4203466221102,11.051657064683296,0.5222944343795535,8.87300719986175,1,0,0,1
218.39945804813868,29.464886300163936,11.50043955396698,46.82205216006485,1.858070727518331,6.723099994220889,1,0,0,0
330.6457848332006,14.673128718507352,88.61808378206932,78.86622567341573,0.1839293300112842,9.82129887153027,0,1,0,1
91.83552202305168,44.38457621003941,31.28274210148251,60.30869163991839,0.7833589979265352,0.6771848423726275,1,0,0,0
51.310467942312144,63.26905444209715,29.035607435359125,79.89462083562066,2.825532820901308,9.034860797257387,0,0,1,0
77.13996655237868,38.73132866387151,76.2431860383459,49.46105035393751,0.6874874471951029,8.149979459497473,0,1,0,1
311.55446607115164,47.88519658663675,38.801450177865256,15.661553458503366,1.3414100315688426,3.1767031289700736,0,1,0,1
229.57567630277003,9.107027153961006,55.54402231706529,6.227586125229296,1.0510840347887265,9.736589190780656,1,0,0,1
107.20830834131444,30.060019749019684,24.625995876771064,32.2897592046732,1.5574821861872392,2.91498059430558,1,0,0,0
287.42195924932986,11.981509109869751,96.37711493157722,67.81914243480132,5.412021808290898,8.898582002090773,0,1,0,1
302.86579876356825,41.76775013219063,86.64232600155137,76.12339135475244,0.086023484205605,8.813448341888185,0,0,0,1
297.8148751546945,61.30892949284927,87.7410660668503,31.61775511582965,1.2798384034341983,7.588693285199575,1,0,0,1
322.43502143744854,44.70666394829831,46.60963737148047,49.60885287949224,2.981976664112416,5.656531214437876,1,0,0,1
95.76194685894292,9.60818289886529,78.61250923364555,42.900701399067344,0.9848836050656417,1.2440273586880362,0,0,1,1
266.71425577373464,26.27997229910497,22.948853985080213,41.94705059162851,0.1226730062146799,5.343118758240157,1,0,0,0
166.5834290732076,38.03980276645109,10.775710233260224,25.821384188013543,1.233310657388311,3.6001227437665984,0,0,1,0
296.27950798262094,29.192465367995133,11.79756393202253,17.273399452651255,0.6053665898542522,7.932559479895749,0,1,0,1
257.6868302349485,55.01864062851034,62.79415636641044,22.70197024080918,0.2525246413601746,7.593385604643606,0,1,0,1
273.9921318099064,53.88026028259935,50.98554147231467,9.979914844701147,2.8360560496250065,9.110594448357425,0,1,0,1
233.09502481156431,41.70986120619329,56.621381401766776,22.831766764121934,1.1059605875266292,0.1975601161954933,1,0,0,1
70.32578161970034,27.40747670796232,10.671682637549749,5.828080786284151,4.060795126620462,8.100577007389308,0,1,0,0
195.30915242495905,20.32018242579465,48.04179576916832,61.45325605723804,2.459973298217201,9.387697428590457,0,0,1,0
344.7877114383328,11.35245909278776,74.62613450807747,33.47378666489146,1.7712234879849464,7.903539468626093,0,0,1,1
328.7119426090204,26.293861009193243,49.842433177069225,92.58302402842178,0.0075572605124459,1.3454348757101486,0,0,1,1
24.67907017098397,29.79035103246317,75.8997285681,22.43453456986681,0.8374615394726035,0.858727093166833,0,0,1,1
66.03703734800862,45.54937550624442,30.97170679571513,36.12457132786345,0.3300094944142113,0.257410136086623,1,0,0,0
54.78778297455105,44.48958945785441,83.1827804033553,37.20570427773799,3.625276231403582,6.3060149969893065,0,1,0,1
256.8331693950005,9.206488378475417,62.95881164081071,5.760634645621448,0.2878016381189359,6.315242886005878,0,1,0,1
288.04701215136134,28.715558925869463,28.96867894869156,80.52871577355131,0.5054346392175654,9.869791456471212,0,0,1,0
82.59386454562845,15.906732033041717,31.304842826844965,7.879501412989224,1.0911010911336834,4.010529582335752,0,1,0,0
181.98991560362185,14.40876231900834,66.52274181125833,89.61618512563173,0.4584913286184876,3.352467534730092,0,1,0,0
295.839029523808,54.638128984234754,84.6945633891199,85.28669159842586,0.3533265804103814,6.263028025484704,0,0,1,1
259.1525252205252,7.514913002975452,47.40650038262397,53.19697244773672,1.3710623638196229,8.26480629145056,0,1,0,0
194.3606498672284,30.15097255412728,33.2470386214833,53.92360174201629,0.139702533309445,9.370900797753867,1,0,0,0
210.7182147559828,15.092219345991092,88.03104462195404,63.84001306605407,0.0898921621191553,8.041085453481434,0,1,0,1
182.8425859515352,57.75981294070844,70.23414625757513,39.83450107413983,0.6984086793705516,4.295406107127257,0,1,0,1
111.166473448399,38.422430796502105,50.32769385547689,63.250005505807,1.913012321664892,6.367396641355038,0,0,1,1
202.10747757206548,18.88283818261088,53.911017575137166,9.02915498196382,1.2138702600087383,8.570178300825363,0,0,0,1
244.22100269703083,35.14563722998258,28.38308211427568,9.864286461475391,0.8245484139151196,4.931566398701807,0,1,0,1
306.9297913926746,48.88918158218695,66.41223670583595,46.15073776575899,1.2512077139948372,2.206032104868657,0,1,0,1
226.3390603529444,62.48708053516603,42.28682594885998,54.46600709954314,0.6822622986351052,1.7387482254913358,0,0,1,1
268.7813225946737,18.226760254725136,99.60806590069144,84.90358763022371,4.126741957142302,0.0515695585516644,1,0,0,1
64.42435588455481,58.170906327760704,53.21651637356991,14.419457051710664,0.0847045680207794,7.196468050063777,1,0,0,1
166.92954130272855,61.05824685004941,53.72970455706518,79.03831344745004,1.6784895132886324,1.1554172280176054,0,0,0,1
13.17275074121172,59.98523267192397,60.92666086696047,23.90426035628626,3.328506030546756,2.4761990419746067,0,0,1,1
93.87081393735184,43.12486141171459,92.5080402806872,40.46752836590287,2.4435788579206847,3.0138694986517933,1,0,0,1
256.9969831384217,42.78923926608246,82.07362898737753,33.49421913446716,0.3050868195808248,5.625779608360844,1,0,0,1
347.21538345878355,29.192637991029365,50.601706281805725,41.01397455788591,0.5263084655556621,4.009674909092904,0,0,1,1
43.72055385965341,50.14387293822728,74.68293393755164,18.544594826532705,1.8937166856188368,6.76300622063046,0,0,1,1
146.508067392838,36.87764110105592,62.76119489026855,50.32130669631994,0.1320514923346192,0.603604660320592,0,0,1,1
282.02412935771423,45.64628427369767,54.3130343831124,77.14783308482305,2.505866921120528,1.2831949829311724,1,0,0,1
79.37211577382561,30.70747423092773,27.308419550591548,44.73806093410072,1.9036042597185387,5.017154460156004,0,0,0,0
198.7288827627773,48.88978784258834,51.75426371094018,49.15522183083792,1.9618162882246009,3.402799639075956,0,1,0,1
259.2442406500894,54.46829105627295,32.12367283203172,81.38908267531828,0.1584431112197848,2.993342959376029,0,0,1,1
219.43505308846088,13.786175396168968,92.33579348664892,68.54523031742278,1.8974991547427849,0.7169293864233511,0,1,0,1
73.92840976924148,54.97578293445368,40.186613214671226,49.14089676678063,1.708299128933095,8.962405788742615,1,0,0,0
130.8307533531514,37.41779190741843,95.70376130800352,28.19260833702617,2.666097052514016,6.933594931944255,0,0,0,1
276.48920672503505,55.67995454541346,57.97497610852401,84.643407216047,0.063728748547351,1.2601006603555114,1,0,0,1
198.43701480488565,30.87810238046088,66.83899408085443,56.931836152150254,0.0350728606795266,0.6972072794845491,1,0,0,1
11.778068604590333,27.742429122982102,58.8646400040395,24.903284909962405,0.7002300929754012,9.749981707640869,0,0,1,0
268.7368584095519,59.90364395103335,21.64425552700308,29.22077773742093,0.2416415943217837,6.827666876873073,0,1,0,1
22.005860679681284,20.07015605290408,43.82390971071469,77.28197800426213,1.2259734513108933,4.203687907382728,0,0,1,0
263.5494861286189,55.65273951716858,18.92315010498616,8.973100587870992,3.739690745848496,7.0322238555200585,0,1,0,1
78.84339045618071,34.041234350564245,66.06586397650435,94.2882968325938,0.7450875843551072,7.575501275477582,0,1,0,0
335.74498324058925,35.84572655307558,50.2186775680395,16.73165117433126,2.79601510000579,7.810623913768354,0,0,0,1
135.09985544270873,23.508096889369043,80.01864744138432,76.64616728572436,0.0003613552991888,4.804879191247923,1,0,0,0
121.1567495549469,39.38253203714094,29.842343289943287,40.52977850945146,0.2768123870988275,4.327333443342237,0,0,1,0
60.62193711303119,24.51267177657268,24.810945258640142,49.299456495872015,0.0463439124867607,0.1597294384755583,1,0,0,0
113.90543326667306,7.356164854499139,46.56990078673911,84.25855197181201,0.5965739716060243,9.269243295661289,0,0,1,0
308.06125902158817,21.319916320661363,93.3926844896543,42.16200706302919,3.582044476707601,6.052913389969983,1,0,0,1
348.7536747932641,5.382742604395441,73.93796335111705,53.37443783059111,0.1529695615505992,2.071381675040182,0,1,0,1
135.2252403723284,63.7012872234114,47.70312623136268,9.436969616825294,1.3986674301009745,9.200054023243297,0,0,1,1
162.52761452454448,62.94483258918485,56.55449527788795,5.211272648070784,0.9008408935251006,9.153572422614449,0,1,0,1
255.5041189889306,28.7093178483383,17.57917100593885,27.03198857015533,4.182302048402142,9.892382435442654,0,0,1,1
311.30656535812534,48.70225126037876,98.61183067385018,66.25247836268906,0.1960502081057259,8.74686280323284,0,0,1,1
211.6350736235066,25.74836590462549,69.9766574225427,15.913840402322304,0.3574387995386798,9.977954658809644,0,0,1,1
143.11873738046197,45.265589425158566,35.68636616170802,15.238576292409448,0.0449806824405532,2.484627571826562,0,0,0,1
150.29142588853207,53.32580258275875,62.72275547937199,41.9864547232313,0.8535702110663391,8.43038337273238,0,1,0,1
246.5101698089144,61.805374681534445,19.85341294620946,63.30533347474039,0.4882480887322093,8.239131672517857,1,0,0,1
11.094209625454752,29.01273655098032,96.92530019268251,69.08647930231375,3.059246257093841,2.3478565742463005,1,0,0,0
220.66037473634583,51.99787897736286,25.73064890950293,21.06056066885373,1.3930795279503363,1.029453612559858,1,0,0,1
130.86762355006152,20.955707037927127,68.32272862496927,12.16293326348382,1.4282295144406238,9.795234111092116,1,0,0,1
280.02709263420866,64.4199382276189,32.090901628503744,89.63573305509898,1.1386442739575304,2.9954442876300726,0,1,0,1
41.61681753986493,6.546175925861069,74.58052443836822,28.45997443058916,0.1445191306848118,8.71537331515467,1,0,0,0
209.9887707624528,41.21172839006726,79.91392305162529,81.80118478478515,0.8832312452585545,0.0910651890123087,1,0,0,1
173.53078256128208,44.57035889907963,70.60777560202894,82.71423054165365,11.417004177574224,0.2591968318350419,1,0,0,1
228.3906788077773,46.28273342444773,65.30495142296732,74.527033258629,2.7048006195296086,4.685419521528865,0,0,1,1
32.05022212420924,12.22325472734534,90.32221845568104,20.195024598731308,3.358838849710655,2.425211105153882,0,1,0,1
207.19448772556464,61.311787008387824,17.076403989078223,78.96213133287803,2.599327845981705,6.913920770187844,0,1,0,1
200.90475990623807,15.870996743004968,39.782328920217566,74.2325503317428,0.1631188484619148,5.677365039401145,0,0,1,0
200.6244321014981,42.36520419439047,32.34587316677614,58.70506910955954,0.3870844311363718,0.8209836846323899,1,0,0,0
215.18580664279463,18.36056474738509,98.92125658588796,35.34818316520575,0.0046898008104957,1.668151548341385,0,0,0,1
239.9990986569632,23.43298502127625,45.045080170018615,28.62577438398897,0.5425530339952538,3.9110902370812215,0,1,0,1
283.6962598914617,37.78751250368746,75.93514293163588,15.970029087232309,0.1724554840269836,1.89676043635656,1,0,0,1
101.73904484359288,30.03160511387459,71.62526474929041,50.878136021078426,0.9602440097290262,7.932612355077088,0,0,1,1
290.5167994612211,14.613536058590377,29.087311372963995,57.67347879588618,1.695746602712694,4.189898843755136,0,0,1,0
179.40693196957423,15.256184145250897,31.50979121903962,37.34050914642085,3.113237569258274,0.9796470750828676,0,1,0,1
36.1998149056726,30.08868728976798,35.31561071977307,47.78231609127817,2.0747518708752843,4.869211877607642,0,0,1,0
29.907315942952927,50.43697869653004,47.00145504334413,37.716301163234,4.185166312351798,0.953839901561071,1,0,0,1
123.64102835666068,58.87787881086732,31.08925590854741,62.69054515886312,0.0831078004044898,1.3329261889271808,1,0,0,1
276.864972217899,10.04765973556297,11.768633447216304,86.1133287016907,0.0183819261813397,2.4341178286806424,1,0,0,0
250.61151781191137,28.586234453564064,89.1453751126476,19.75282358422504,1.6241295829043318,8.602300667212523,1,0,0,1
278.1290879886182,11.014733823372598,96.90488482427956,39.32679289128111,0.5123679395656879,9.24989469671307,1,0,0,1
185.8714791901472,5.995548837955873,40.74133483284112,17.678174355577518,0.4385415347453922,8.271264406854087,0,0,0,0
159.6676593048668,44.7031209586374,40.46561914829256,61.24493933670488,0.6027036830370603,3.37406831330758,1,0,0,1
60.13385908013655,41.14696651799527,10.638263149693389,70.59834585397363,0.4716471166602212,2.760842089032874,0,1,0,0
121.58553622716592,14.781146828893172,71.22256194973366,88.87214593377102,1.074428451598771,5.514099123362879,0,1,0,0
157.5665844991176,19.02876998558385,84.28959061737659,30.098473363486843,0.8701254220842168,7.232438947304467,0,0,1,1
40.12414609106986,6.422465218671103,23.194747032400286,90.51900852788872,1.0774776570069546,9.93405924219374,0,0,0,0
85.00806392181183,55.09683234166423,24.369971443043568,10.693640463860731,1.6753795283549249,1.3591285831953157,0,0,1,1
213.3965999816712,63.48143576291309,81.10749249742939,59.271247702812936,0.7344049016796612,0.5404553902868541,0,0,0,1
260.12545884132453,13.127572207681448,65.46616735187303,10.141944740899698,0.4341407656766546,6.958841095502946,0,0,1,1
349.43815387360286,18.88851282591789,14.037450186494532,85.43967689857503,0.2726435360184132,8.33064654586386,0,0,0,0
327.2585326568096,57.104571436816045,66.02922914160536,52.68281513630487,0.6449612944823645,8.47117035967091,0,0,1,1
228.4721678419652,60.58782787737109,37.802595055938944,65.24135156865165,2.0310688189452204,6.800712313317748,1,0,0,1
153.22433811998448,30.17764296840862,43.185263992376136,79.84165333194073,2.1202203160517303,9.542457250985912,0,1,0,0
226.30030400079912,8.037348336144447,79.27582764671922,18.527956023557188,1.6489930579287797,5.134497397268639,0,1,0,1
277.12155014727887,7.363510021569164,82.98416734053495,8.473240574432046,0.399914838454482,9.142457243445314,0,1,0,1
50.23430491395169,39.436991964140624,46.03209641558476,84.09930313215669,1.3304119292174053,9.679730763065654,1,0,0,0
149.367662496738,28.57370653359074,95.24376424057192,33.343990471303925,1.268362832990575,8.479216697180922,0,1,0,1
295.53277711610986,6.719145654659271,46.5816446156865,16.608101713444874,0.9932468016390296,3.1320977044232747,0,0,0,1
140.50320365723496,39.9951435387534,79.4652431707099,47.16151133783779,1.1976915005749391,2.0023457291444378,1,0,0,1
204.43657221724345,5.678152195341348,53.54895381078332,58.84754681264169,1.0152926637084514,5.503794646569093,0,0,1,0
209.8415826931474,52.24231748895638,90.77790938698756,7.787354308025911,1.2501883740211104,4.557496766282875,0,0,1,1
72.72192606543737,23.385969362202296,91.69851192851608,29.740609243137897,1.8855644336426696,8.783695504817693,0,0,0,0
133.16005016177803,7.415480180553926,17.86751270839755,7.951988684920641,0.1741742165935939,1.0453151271181793,0,0,0,0
123.73383817225692,40.3011332589892,94.28439981792032,42.83018502759491,2.0771977336359404,2.6145136100496096,0,0,1,1
18.90688090090203,28.86106486598328,84.29813573683741,85.55900261596199,0.2190761222601311,7.53039949796115,0,1,0,0
18.225199723060783,63.42802480142897,81.21796428814002,93.43871703442124,0.1034271631058445,0.9951171175242556,1,0,0,0
292.77699484976296,37.651919750222135,28.08202057169702,62.33427981532648,5.599540848231181,3.2416059195159166,0,1,0,1
102.84407539075622,21.514350862220496,82.46072878791985,19.54739244061326,4.719545639984571,3.902196170837132,0,0,1,1
186.1467805211973,47.56633187803848,86.51194612165331,86.52644509993752,0.0935098816512328,6.244808275798765,0,0,1,1
111.56669502018283,21.28952015256268,36.023530100873586,51.46230408800544,0.8784677313431428,1.6234198249076774,0,0,1,0
329.83094333921576,59.2545974844539,95.70340705260914,18.837438089262623,0.3091437978950594,8.61301467897961,1,0,0,1
98.16089801436308,27.483318230442585,14.487413175924782,87.95540025064952,0.9963874587650552,4.503045242889428,0,1,0,0
156.08331633123794,37.99211376657232,23.49183279224257,73.17221456507927,2.659499987555081,9.174366033211538,0,1,0,0
306.7282851647646,8.034386229453732,58.382302424636286,70.85347454508364,4.512064857477889,4.705305640657619,1,0,0,1
296.2574127092149,30.567274277133848,61.82132240100787,68.82626334149643,1.5087187408969327,2.7866505764602967,1,0,0,1
73.27448206773428,54.941812379659694,68.0635074970813,23.030583898679808,0.655214639808589,1.461196845442365,1,0,0,1
282.89872533054154,53.33892832180052,11.527221638391982,23.990602253677345,1.3869590989917435,0.0872636923772838,0,0,1,1
165.7835414908835,18.45911353121157,96.43300971599172,66.94636985845295,0.560952509196061,5.344966975599114,1,0,0,1
174.20941650902077,18.56474426063376,14.01292834607296,24.77504750993572,3.60898196962182,1.116209134422888,1,0,0,1
55.38319062142089,54.03831873279421,22.87557574510621,44.4804527122744,3.064959102626782,3.947691248130223,0,0,0,1
37.404514677422384,60.82390521015953,11.261306577345128,75.38016430345472,1.2254547844633774,5.913254024309012,0,1,0,0
257.49936437108016,10.721655276380211,61.01725899646852,75.55572662880569,0.5891170940005956,2.7930746741818675,1,0,0,1
178.7967918008019,32.00351836557351,93.9040195528875,45.79355952732737,0.5209138991419744,1.7934817090428468,1,0,0,1
158.52923888916104,25.24725673785374,69.93524494724178,76.29709444477206,0.0509837043607038,7.758480144962949,1,0,0,0
258.0327977418149,57.24130732744636,84.03917216323846,80.47596165782511,2.5377695389753443,9.470572164202125,1,0,0,1
270.2743856569773,10.011494880801129,11.195308311272209,63.929817615583424,0.8978009918691101,1.0493821577265616,1,0,0,0
64.0287770075802,17.667556553482243,58.78137686317535,25.55832670775781,0.5898593076996154,1.5981237276308282,0,1,0,1
217.476550822398,50.14810025518966,51.360667975496966,29.66106023469928,0.9554632192017256,9.602125939664552,1,0,0,1
56.02038797441308,8.077630938872936,54.90711497987137,33.335703986786186,2.56171759182282,0.4259530070318504,0,1,0,0
265.4675292498755,34.55212284285736,16.499186680166915,15.51236969605568,0.1996358764764944,9.777441748677198,0,0,1,1
233.36475313082744,31.5264220807832,71.59918249623767,29.58436583329506,2.924262799760525,0.0962126066956382,0,1,0,1
335.2489711683757,25.06407073932492,55.2898373372771,23.85673018812789,3.4169680204467623,8.743003123730746,0,0,0,1
33.4457255611832,28.674338919135423,78.86339648751375,45.97958748277419,4.397951187802837,3.107885550828108,0,1,0,1
29.39860519142647,36.79643521581397,53.67615706555439,86.75937930850384,0.7599715263403786,9.3889591388641,0,1,0,0
105.94360539568804,14.682041503302989,23.444347260378887,14.403228507856229,0.367202871857666,3.203605621924075,0,0,1,0
